Toronto,Ontario,43.7417,-79.3733,America/Toronto
Montreal,Quebec,45.5089,-73.5617,America/Montreal
Vancouver,British Columbia,49.25,-123.1,America/Vancouver
Calgary,Alberta,51.05,-114.0667,America/Edmonton
Edmonton,Alberta,53.5344,-113.4903,America/Edmonton
Ottawa,Ontario,45.4247,-75.695,America/Montreal
Mississauga,Ontario,43.6,-79.65,America/Toronto
Winnipeg,Manitoba,49.8844,-97.1464,America/Winnipeg
Quebec City,Quebec,46.8139,-71.2081,America/Montreal
Hamilton,Ontario,43.2567,-79.8692,America/Toronto
Brampton,Ontario,43.6833,-79.7667,America/Toronto
Surrey,British Columbia,49.19,-122.8489,America/Vancouver
Kitchener,Ontario,43.4186,-80.4728,America/Toronto
Laval,Quebec,45.5833,-73.75,America/Montreal
Halifax,Nova Scotia,44.6475,-63.5906,America/Halifax
London,Ontario,42.9836,-81.2497,America/Toronto
Victoria,British Columbia,48.4283,-123.3647,America/Vancouver
Markham,Ontario,43.8767,-79.2633,America/Toronto
St. Catharines,Ontario,43.1833,-79.2333,America/Toronto
Niagara Falls,Ontario,43.06,-79.1067,America/Toronto
Vaughan,Ontario,43.8333,-79.5,America/Toronto
Gatineau,Quebec,45.4833,-75.65,America/Montreal
Windsor,Ontario,42.2833,-83,America/Toronto
Saskatoon,Saskatchewan,52.1333,-106.6833,America/Regina
Longueuil,Quebec,45.5333,-73.5167,America/Montreal
Burnaby,British Columbia,49.2667,-122.9667,America/Vancouver
Regina,Saskatchewan,50.4547,-104.6067,America/Regina
Richmond,British Columbia,49.1667,-123.1333,America/Vancouver
Richmond Hill,Ontario,43.8667,-79.4333,America/Toronto
Oakville,Ontario,43.45,-79.6833,America/Toronto
Burlington,Ontario,43.3167,-79.8,America/Toronto
Barrie,Ontario,44.3711,-79.6769,America/Toronto
Oshawa,Ontario,43.9,-78.85,America/Toronto
Sherbrooke,Quebec,45.4,-71.9,America/Montreal
Saguenay,Quebec,48.4167,-71.0667,America/Montreal
Levis,Quebec,46.8,-71.1833,America/Montreal
Kelowna,British Columbia,49.8881,-119.4956,America/Vancouver
Abbotsford,British Columbia,49.05,-122.3167,America/Vancouver
Coquitlam,British Columbia,49.2839,-122.7919,America/Vancouver
Trois-Rivières,Quebec,46.35,-72.55,America/Montreal
Guelph,Ontario,43.55,-80.25,America/Toronto
Cambridge,Ontario,43.3972,-80.3114,America/Toronto
Whitby,Ontario,43.8833,-78.9417,America/Toronto
Ajax,Ontario,43.8583,-79.0364,America/Toronto
Langley,British Columbia,49.1044,-122.5827,America/Vancouver
Saanich,British Columbia,48.484,-123.381,America/Vancouver
Terrebonne,Quebec,45.7,-73.6333,America/Montreal
Milton,Ontario,43.5083,-79.8833,America/Toronto
St. John's,Newfoundland and Labrador,47.4817,-52.7971,America/St_Johns
Moncton,New Brunswick,46.1328,-64.7714,America/Moncton
Thunder Bay,Ontario,48.3822,-89.2461,America/Thunder_Bay
Dieppe,New Brunswick,46.0989,-64.7242,America/Moncton
Waterloo,Ontario,43.4667,-80.5167,America/Toronto
Delta,British Columbia,49.0847,-123.0586,America/Vancouver
Chatham,Ontario,42.4229,-82.1324,America/Toronto
Red Deer,Alberta,52.2681,-113.8111,America/Edmonton
Kamloops,British Columbia,50.6761,-120.3408,America/Vancouver
Brantford,Ontario,43.1667,-80.25,America/Toronto
Cape Breton,Nova Scotia,46.1389,-60.1931,America/Glace_Bay
Lethbridge,Alberta,49.6942,-112.8328,America/Edmonton
Saint-Jean-sur-Richelieu,Quebec,45.3167,-73.2667,America/Montreal
Clarington,Ontario,43.935,-78.6083,America/Toronto
Pickering,Ontario,43.8354,-79.089,America/Toronto
Nanaimo,British Columbia,49.1642,-123.9364,America/Vancouver
Sudbury,Ontario,46.49,-81.01,America/Toronto
North Vancouver,British Columbia,49.3641,-123.0066,America/Vancouver
Brossard,Quebec,45.4667,-73.45,America/Montreal
Repentigny,Quebec,45.7333,-73.4667,America/Montreal
Newmarket,Ontario,44.05,-79.4667,America/Toronto
Chilliwack,British Columbia,49.1577,-121.9509,America/Vancouver
White Rock,British Columbia,49.025,-122.8028,America/Vancouver
Maple Ridge,British Columbia,49.2167,-122.6,America/Vancouver
Peterborough,Ontario,44.3,-78.3167,America/Toronto
Kawartha Lakes,Ontario,44.35,-78.75,America/Toronto
Prince George,British Columbia,53.9169,-122.7494,America/Vancouver
Sault Ste. Marie,Ontario,46.5333,-84.35,America/Toronto
Sarnia,Ontario,42.9994,-82.3089,America/Toronto
Wood Buffalo,Alberta,57.6042,-111.3284,America/Edmonton
New Westminster,British Columbia,49.2069,-122.9111,America/Vancouver
Châteauguay,Quebec,45.38,-73.75,America/Montreal
Saint-Jerôme,Quebec,45.7833,-74,America/Montreal
Drummondville,Quebec,45.8833,-72.4833,America/Montreal
Saint John,New Brunswick,45.2806,-66.0761,America/Moncton
Caledon,Ontario,43.8667,-79.8667,America/Toronto
St. Albert,Alberta,53.6303,-113.6258,America/Edmonton
Granby,Quebec,45.4,-72.7333,America/Montreal
Medicine Hat,Alberta,50.0417,-110.6775,America/Edmonton
Grande Prairie,Alberta,55.1708,-118.7947,America/Edmonton
St. Thomas,Ontario,42.775,-81.1833,America/Toronto
Airdrie,Alberta,51.2917,-114.0144,America/Edmonton
Halton Hills,Ontario,43.63,-79.95,America/Toronto
Saint-Hyacinthe,Quebec,45.6167,-72.95,America/Montreal
Lac-Brome,Quebec,45.2167,-72.5167,America/Montreal
Port Coquitlam,British Columbia,49.2625,-122.7811,America/Vancouver
Fredericton,New Brunswick,45.9636,-66.6431,America/Moncton
Blainville,Quebec,45.67,-73.88,America/Montreal
Aurora,Ontario,44,-79.4667,America/Toronto
Welland,Ontario,42.9833,-79.2333,America/Toronto
North Bay,Ontario,46.3,-79.45,America/Toronto
Beloeil,Quebec,45.5667,-73.2,America/Montreal
Belleville,Ontario,44.1667,-77.3833,America/Toronto
Mirabel,Quebec,45.65,-74.0833,America/Montreal
Shawinigan,Quebec,46.5667,-72.75,America/Montreal
Dollard-des-Ormeaux,Quebec,45.4833,-73.8167,America/Montreal
Brandon,Manitoba,49.8483,-99.95,America/Winnipeg
Rimouski,Quebec,48.45,-68.53,America/Montreal
Cornwall,Ontario,45.0275,-74.74,America/Toronto
Stouffville,Ontario,43.9667,-79.25,America/Toronto
Georgina,Ontario,44.3,-79.4333,America/Toronto
Victoriaville,Quebec,46.05,-71.9667,America/Montreal
Vernon,British Columbia,50.267,-119.272,America/Vancouver
Duncan,British Columbia,48.7787,-123.7079,America/Vancouver
Saint-Eustache,Quebec,45.57,-73.9,America/Montreal
Quinte West,Ontario,44.1833,-77.5667,America/Toronto
Charlottetown,Prince Edward Island,46.2403,-63.1347,America/Halifax
Mascouche,Quebec,45.75,-73.6,America/Montreal
West Vancouver,British Columbia,49.3667,-123.1667,America/Vancouver
Salaberry-de-Valleyfield,Quebec,45.25,-74.13,America/Montreal
Rouyn-Noranda,Quebec,48.2333,-79.0167,America/Montreal
Timmins,Ontario,48.4667,-81.3333,America/Toronto
Sorel-Tracy,Quebec,46.0333,-73.1167,America/Montreal
New Tecumseth,Ontario,44.0833,-79.75,America/Toronto
Woodstock,Ontario,43.1306,-80.7467,America/Toronto
Boucherville,Quebec,45.6,-73.45,America/Montreal
Mission,British Columbia,49.1337,-122.3112,America/Vancouver
Vaudreuil-Dorion,Quebec,45.4,-74.0333,America/Montreal
Brant,Ontario,43.1167,-80.3667,America/Toronto
Lakeshore,Ontario,42.2399,-82.6511,America/Toronto
Innisfil,Ontario,44.3,-79.5833,America/Toronto
Prince Albert,Saskatchewan,53.2,-105.75,America/Regina
Langford Station,British Columbia,48.4506,-123.5058,America/Vancouver
Bradford West Gwillimbury,Ontario,44.1333,-79.6333,America/Toronto
Campbell River,British Columbia,50.0244,-125.2475,America/Vancouver
Spruce Grove,Alberta,53.545,-113.9008,America/Edmonton
Moose Jaw,Saskatchewan,50.3933,-105.5519,America/Regina
Penticton,British Columbia,49.4911,-119.5886,America/Vancouver
Port Moody,British Columbia,49.2831,-122.8317,America/Vancouver
Leamington,Ontario,42.0667,-82.5833,America/Toronto
East Kelowna,British Columbia,49.8625,-119.5833,America/Vancouver
Côte-Saint-Luc,Quebec,45.4687,-73.6673,America/Montreal
Val-d’Or,Quebec,48.1,-77.7833,America/Montreal
Owen Sound,Ontario,44.5667,-80.9333,America/Toronto
Stratford,Ontario,43.3708,-80.9819,America/Toronto
Lloydminster,Saskatchewan,53.2783,-110.005,America/Edmonton
Pointe-Claire,Quebec,45.45,-73.8167,America/Montreal
Orillia,Ontario,44.6,-79.4167,America/Toronto
Alma,Quebec,48.55,-71.65,America/Montreal
Orangeville,Ontario,43.9167,-80.1167,America/Toronto
Fort Erie,Ontario,42.9167,-79.0167,America/Toronto
LaSalle,Ontario,42.2167,-83.0667,America/Toronto
Sainte-Julie,Quebec,45.5833,-73.3333,America/Montreal
Leduc,Alberta,53.2594,-113.5492,America/Edmonton
North Cowichan,British Columbia,48.8236,-123.7192,America/Vancouver
Chambly,Quebec,45.4311,-73.2873,America/Montreal
Okotoks,Alberta,50.725,-113.975,America/Edmonton
Sept-Îles,Quebec,50.2167,-66.3833,America/Montreal
Centre Wellington,Ontario,43.7,-80.3667,America/Toronto
Saint-Constant,Quebec,45.37,-73.57,America/Montreal
Grimsby,Ontario,43.2,-79.55,America/Toronto
Boisbriand,Quebec,45.62,-73.83,America/Montreal
Conception Bay South,Newfoundland and Labrador,47.5167,-52.9833,America/St_Johns
Saint-Bruno-de-Montarville,Quebec,45.5333,-73.35,America/Montreal
Sainte-Therèse,Quebec,45.6333,-73.85,America/Montreal
Cochrane,Alberta,51.189,-114.467,America/Edmonton
Thetford Mines,Quebec,46.1,-71.3,America/Montreal
Courtenay,British Columbia,49.6878,-124.9944,America/Vancouver
Magog,Quebec,45.2667,-72.15,America/Montreal
Whitehorse,Yukon,60.7029,-135.0691,America/Whitehorse
Woolwich,Ontario,43.5667,-80.4833,America/Toronto
Clarence-Rockland,Ontario,45.4833,-75.2,America/Toronto
Fort Saskatchewan,Alberta,53.7128,-113.2133,America/Edmonton
East Gwillimbury,Ontario,44.1333,-79.4167,America/Toronto
Lincoln,Ontario,43.13,-79.43,America/Toronto
La Prairie,Quebec,45.42,-73.5,America/Montreal
Tecumseh,Ontario,42.2431,-82.9256,America/Toronto
Mount Pearl Park,Newfoundland and Labrador,47.5189,-52.8058,America/St_Johns
Amherstburg,Ontario,42.1,-83.0833,America/Toronto
Saint-Lambert,Quebec,45.5,-73.5167,America/Montreal
Brockville,Ontario,44.5833,-75.6833,America/Toronto
Collingwood,Ontario,44.5,-80.2167,America/Toronto
Scugog,Ontario,44.09,-78.936,America/Toronto
Kingsville,Ontario,42.1,-82.7167,America/Toronto
Baie-Comeau,Quebec,49.2167,-68.15,America/Montreal
Paradise,Newfoundland and Labrador,47.5333,-52.8667,America/St_Johns
Uxbridge,Ontario,44.1167,-79.1333,America/Toronto
Essa,Ontario,44.25,-79.7833,America/Toronto
Candiac,Quebec,45.38,-73.52,America/Montreal
Oro-Medonte,Ontario,44.5667,-79.5833,America/Toronto
Varennes,Quebec,45.6833,-73.4333,America/Montreal
Strathroy-Caradoc,Ontario,42.9575,-81.6167,America/Toronto
Wasaga Beach,Ontario,44.5206,-80.0167,America/Toronto
New Glasgow,Nova Scotia,45.5926,-62.6455,America/Halifax
Wilmot,Ontario,43.4,-80.65,America/Toronto
Essex,Ontario,42.0833,-82.9,America/Toronto
Fort St. John,British Columbia,56.2465,-120.8476,America/Dawson_Creek
Kirkland,Quebec,45.45,-73.8667,America/Montreal
L’Assomption,Quebec,45.8333,-73.4167,America/Montreal
Westmount,Quebec,45.4833,-73.6,America/Montreal
Saint-Lazare,Quebec,45.4,-74.1333,America/Montreal
Chestermere,Alberta,51.05,-113.8225,America/Edmonton
Huntsville,Ontario,45.3333,-79.2167,America/Toronto
Corner Brook,Newfoundland and Labrador,48.9287,-57.926,America/St_Johns
Riverview,New Brunswick,46.0613,-64.8052,America/Moncton
Lloydminster,Alberta,53.2807,-110.035,America/Edmonton
Joliette,Quebec,46.0167,-73.45,America/Montreal
Yellowknife,Northwest Territories,62.4709,-114.4053,America/Yellowknife
Squamish,British Columbia,49.7017,-123.1589,America/Vancouver
Mont-Royal,Quebec,45.5161,-73.6431,America/Montreal
Rivière-du-Loup,Quebec,47.8333,-69.5333,America/Montreal
Cobourg,Ontario,43.9667,-78.1667,America/Toronto
Cranbrook,British Columbia,49.5097,-115.7667,America/Edmonton
Beaconsfield,Quebec,45.4333,-73.8667,America/Montreal
Springwater,Ontario,44.4333,-79.7333,America/Toronto
Dorval,Quebec,45.45,-73.75,America/Montreal
Thorold,Ontario,43.1167,-79.2,America/Toronto
Camrose,Alberta,53.0167,-112.8333,America/Edmonton
South Frontenac,Ontario,44.5081,-76.4939,America/Toronto
Pitt Meadows,British Columbia,49.2333,-122.6833,America/Vancouver
Port Colborne,Ontario,42.8833,-79.25,America/Toronto
Quispamsis,New Brunswick,45.4322,-65.9462,America/Moncton
Mont-Saint-Hilaire,Quebec,45.5622,-73.1917,America/Montreal
Bathurst,New Brunswick,47.62,-65.65,America/Moncton
Saint-Augustin-de-Desmaures,Quebec,46.7333,-71.4667,America/Montreal
Oak Bay,British Columbia,48.4264,-123.3228,America/Vancouver
Sainte-Marthe-sur-le-Lac,Quebec,45.53,-73.93,America/Montreal
Salmon Arm,British Columbia,50.7022,-119.2722,America/Vancouver
Port Alberni,British Columbia,49.2339,-124.805,America/Vancouver
Esquimalt,British Columbia,48.4306,-123.4147,America/Vancouver
Deux-Montagnes,Quebec,45.5333,-73.8833,America/Montreal
Miramichi,New Brunswick,47.0196,-65.5072,America/Moncton
Niagara-on-the-Lake,Ontario,43.2553,-79.0717,America/Toronto
Saint-Lin--Laurentides,Quebec,45.85,-73.7667,America/Montreal
Beaumont,Alberta,53.3572,-113.4147,America/Edmonton
Middlesex Centre,Ontario,43.05,-81.45,America/Toronto
Inverness,Nova Scotia,46.2,-61.1,America/Halifax
Stony Plain,Alberta,53.5264,-114.0069,America/Edmonton
Petawawa,Ontario,45.9,-77.2833,America/Toronto
Pelham,Ontario,43.0333,-79.3333,America/Toronto
Selwyn,Ontario,44.4167,-78.3333,America/Toronto
Loyalist,Ontario,44.25,-76.75,America/Toronto
Midland,Ontario,44.75,-79.8833,America/Toronto
Colwood,British Columbia,48.4236,-123.4958,America/Vancouver
Central Saanich,British Columbia,48.5142,-123.3839,America/Vancouver
Sainte-Catherine,Quebec,45.4,-73.58,America/Montreal
Port Hope,Ontario,43.95,-78.3,America/Toronto
L’Ancienne-Lorette,Quebec,46.8,-71.35,America/Montreal
Saint-Basile-le-Grand,Quebec,45.5333,-73.2833,America/Montreal
Swift Current,Saskatchewan,50.2881,-107.7939,America/Swift_Current
Edmundston,New Brunswick,47.3765,-68.3253,America/Moncton
Russell,Ontario,45.2569,-75.3583,America/Toronto
North Grenville,Ontario,44.9667,-75.65,America/Toronto
Yorkton,Saskatchewan,51.2139,-102.4628,America/Regina
Tracadie,New Brunswick,47.5124,-64.9101,America/Moncton
Bracebridge,Ontario,45.0333,-79.3,America/Toronto
Greater Napanee,Ontario,44.25,-76.95,America/Toronto
Tillsonburg,Ontario,42.8667,-80.7333,America/Toronto
Steinbach,Manitoba,49.5258,-96.6839,America/Winnipeg
Hanover,Manitoba,49.4433,-96.8492,America/Winnipeg
Terrace,British Columbia,54.5164,-128.5997,America/Vancouver
Springfield,Manitoba,49.9292,-96.6939,America/Winnipeg
Gaspe,Quebec,48.8333,-64.4833,America/Montreal
Kenora,Ontario,49.7667,-94.4833,America/Winnipeg
Cold Lake,Alberta,54.4642,-110.1825,America/Edmonton
Summerside,Prince Edward Island,46.4,-63.7833,America/Halifax
Comox,British Columbia,49.6733,-124.9022,America/Vancouver
Sylvan Lake,Alberta,52.3083,-114.0964,America/Edmonton
Pincourt,Quebec,45.3833,-73.9833,America/Montreal
West Lincoln,Ontario,43.0667,-79.5667,America/Toronto
Matane,Quebec,48.85,-67.5333,America/Montreal
Brooks,Alberta,50.5642,-111.8989,America/Edmonton
Sainte-Anne-des-Plaines,Quebec,45.7617,-73.8204,America/Montreal
West Nipissing / Nipissing Ouest,Ontario,46.3667,-79.9167,America/Toronto
Rosemère,Quebec,45.6369,-73.8,America/Montreal
Mistassini,Quebec,48.8229,-72.2154,America/Montreal
Grand Falls,Newfoundland and Labrador,48.9578,-55.6633,America/St_Johns
Clearview,Ontario,44.3981,-80.0742,America/Toronto
St. Clair,Ontario,42.7833,-82.35,America/Toronto
Canmore,Alberta,51.089,-115.359,America/Edmonton
North Battleford,Saskatchewan,52.7575,-108.2861,America/Regina
Pembroke,Ontario,45.8167,-77.1,America/Toronto
Mont-Laurier,Quebec,46.55,-75.5,America/Montreal
Strathmore,Alberta,51.0378,-113.4003,America/Edmonton
Saugeen Shores,Ontario,44.4333,-81.3667,America/Toronto
Thompson,Manitoba,55.7433,-97.8553,America/Winnipeg
Lavaltrie,Quebec,45.8833,-73.2833,America/Montreal
High River,Alberta,50.5808,-113.8744,America/Edmonton
Severn,Ontario,44.75,-79.5167,America/Toronto
Sainte-Sophie,Quebec,45.82,-73.9,America/Montreal
Saint-Charles-Borromee,Quebec,46.05,-73.4667,America/Montreal
Portage La Prairie,Manitoba,49.9728,-98.2919,America/Winnipeg
Thames Centre,Ontario,43.03,-81.08,America/Toronto
Mississippi Mills,Ontario,45.2167,-76.2,America/Toronto
Powell River,British Columbia,49.8353,-124.5247,America/Vancouver
South Glengarry,Ontario,45.2,-74.5833,America/Toronto
North Perth,Ontario,43.73,-80.95,America/Toronto
Mercier,Quebec,45.32,-73.75,America/Montreal
South Stormont,Ontario,45.0833,-74.9667,America/Toronto
Saint-Colomban,Quebec,45.73,-74.13,America/Montreal
Lacombe,Alberta,52.4683,-113.7369,America/Edmonton
Sooke,British Columbia,48.3761,-123.7378,America/Vancouver
Dawson Creek,British Columbia,55.7606,-120.2356,America/Dawson_Creek
Lake Country,British Columbia,50.0833,-119.4142,America/Vancouver
Trent Hills,Ontario,44.3142,-77.8514,America/Toronto
Sainte-Marie,Quebec,46.45,-71.0333,America/Montreal
Guelph/Eramosa,Ontario,43.63,-80.22,America/Toronto
Truro,Nova Scotia,45.3647,-63.28,America/Halifax
Amos,Quebec,48.5667,-78.1167,America/Montreal
The Nation / La Nation,Ontario,45.35,-75.0333,America/Toronto
Ingersoll,Ontario,43.0392,-80.8836,America/Toronto
Winkler,Manitoba,49.1817,-97.9397,America/Winnipeg
Wetaskiwin,Alberta,52.9694,-113.3769,America/Edmonton
Central Elgin,Ontario,42.7667,-81.1,America/Toronto
Lachute,Quebec,45.65,-74.3333,America/Montreal
West Grey,Ontario,44.1833,-80.8167,America/Toronto
Parksville,British Columbia,49.315,-124.312,America/Vancouver
Cowansville,Quebec,45.2,-72.75,America/Montreal
Becancour,Quebec,46.3333,-72.4333,America/Montreal
Gravenhurst,Ontario,44.9167,-79.3667,America/Toronto
Perth East,Ontario,43.47,-80.95,America/Toronto
Prince Rupert,British Columbia,54.3122,-130.3271,America/Vancouver
Prevost,Quebec,45.87,-74.08,America/Montreal
Sainte-Adèle,Quebec,45.95,-74.13,America/Montreal
Kentville,Nova Scotia,45.0775,-64.4958,America/Halifax
Beauharnois,Quebec,45.32,-73.87,America/Montreal
Les Îles-de-la-Madeleine,Quebec,47.3833,-61.8667,America/Halifax
Wellington North,Ontario,43.9,-80.57,America/Toronto
St. Andrews,Manitoba,50.27,-96.9747,America/Winnipeg
Carleton Place,Ontario,45.1333,-76.1333,America/Toronto
Whistler,British Columbia,50.1208,-122.9544,America/Vancouver
Brighton,Ontario,44.1222,-77.7642,America/Toronto
Tiny,Ontario,44.6833,-79.95,America/Toronto
Gander,Newfoundland and Labrador,48.9569,-54.6089,America/St_Johns
Sidney,British Columbia,48.6506,-123.3986,America/Vancouver
Rothesay,New Brunswick,45.3831,-65.9969,America/Moncton
Brock,Ontario,44.3167,-79.0833,America/Toronto
Summerland,British Columbia,49.6006,-119.6778,America/Vancouver
Val-des-Monts,Quebec,45.65,-75.6667,America/Montreal
Tache,Manitoba,49.7081,-96.6736,America/Winnipeg
Montmagny,Quebec,46.9833,-70.55,America/Montreal
Erin,Ontario,43.7667,-80.0667,America/Toronto
Kincardine,Ontario,44.1667,-81.6333,America/Toronto
North Dundas,Ontario,45.0833,-75.35,America/Toronto
Wellesley,Ontario,43.55,-80.7167,America/Toronto
Estevan,Saskatchewan,49.1392,-102.9861,America/Regina
North Saanich,British Columbia,48.6142,-123.42,America/Vancouver
Warman,Saskatchewan,52.3219,-106.5842,America/Regina
La Tuque,Quebec,48.0652,-74.0528,America/Montreal
Norwich,Ontario,42.9833,-80.6,America/Toronto
Meaford,Ontario,44.58,-80.73,America/Toronto
Adjala-Tosorontio,Ontario,44.1333,-79.9333,America/Toronto
Hamilton Township,Ontario,44.054,-78.2164,America/Toronto
St. Clements,Manitoba,50.2689,-96.6742,America/Winnipeg
Saint-Amable,Quebec,45.65,-73.3,America/Montreal
Weyburn,Saskatchewan,49.6611,-103.8525,America/Regina
South Dundas,Ontario,44.9167,-75.2667,America/Toronto
L’Île-Perrot,Quebec,45.3833,-73.95,America/Montreal
Notre-Dame-de-l'Île-Perrot,Quebec,45.3667,-73.9333,America/Montreal
Williams Lake,British Columbia,52.1294,-122.1383,America/Vancouver
Elliot Lake,Ontario,46.3833,-82.65,America/Toronto
Cantley,Quebec,45.5667,-75.7833,America/Montreal
Nelson,British Columbia,49.5,-117.2833,America/Vancouver
Lambton Shores,Ontario,43.1833,-81.9,America/Toronto
Mapleton,Ontario,43.7358,-80.6681,America/Toronto
Georgian Bluffs,Ontario,44.65,-81.0333,America/Toronto
Rawdon,Quebec,46.05,-73.7167,America/Montreal
Campbellton,New Brunswick,48.005,-66.6731,America/Moncton
View Royal,British Columbia,48.4517,-123.4339,America/Vancouver
Coldstream,British Columbia,50.22,-119.2481,America/Vancouver
Chester,Nova Scotia,44.65,-64.3,America/Halifax
Queens,Nova Scotia,44.0333,-64.7167,America/Halifax
Selkirk,Manitoba,50.1436,-96.8839,America/Winnipeg
Saint-Felicien,Quebec,48.65,-72.45,America/Montreal
Hawkesbury,Ontario,45.6,-74.6,America/Montreal
Roberval,Quebec,48.52,-72.23,America/Montreal
Sainte-Agathe-des-Monts,Quebec,46.05,-74.28,America/Montreal
North Dumfries,Ontario,43.32,-80.38,America/Toronto
Rideau Lakes,Ontario,44.6667,-76.2167,America/Toronto
Sechelt,British Columbia,49.4742,-123.7542,America/Vancouver
North Glengarry,Ontario,45.3333,-74.7333,America/Toronto
South Huron,Ontario,43.32,-81.5,America/Toronto
Marieville,Quebec,45.4333,-73.1667,America/Montreal
Tay,Ontario,44.7167,-79.7667,America/Toronto
Temiskaming Shores,Ontario,47.5167,-79.6833,America/Toronto
Hinton,Alberta,53.4114,-117.5639,America/Edmonton
Saint-Sauveur,Quebec,45.9,-74.17,America/Montreal
Quesnel,British Columbia,52.9784,-122.4927,America/Vancouver
Elizabethtown-Kitley,Ontario,44.7,-75.8833,America/Toronto
Morinville,Alberta,53.8022,-113.6497,America/Edmonton
Grey Highlands,Ontario,44.3333,-80.5,America/Toronto
Stratford,Prince Edward Island,46.2167,-63.0893,America/Halifax
Alfred and Plantagenet,Ontario,45.5667,-74.9167,America/Toronto
Mont-Tremblant,Quebec,46.1167,-74.6,America/Montreal
Martensville,Saskatchewan,52.2897,-106.6667,America/Regina
Saint-Raymond,Quebec,46.9,-71.8333,America/Montreal
Amherst,Nova Scotia,45.8167,-64.2167,America/Halifax
Ramara,Ontario,44.6333,-79.2167,America/Toronto
Bois-des-Filion,Quebec,45.6667,-73.75,America/Montreal
Leeds and the Thousand Islands,Ontario,44.45,-76.08,America/Toronto
Carignan,Quebec,45.45,-73.3,America/Montreal
Brockton,Ontario,44.1667,-81.2167,America/Toronto
Laurentian Valley,Ontario,45.7681,-77.2239,America/Toronto
East St. Paul,Manitoba,49.9772,-97.0103,America/Winnipeg
Lorraine,Quebec,45.6833,-73.7833,America/Montreal
Sainte-Julienne,Quebec,45.97,-73.72,America/Montreal
Blackfalds,Alberta,52.3833,-113.8,America/Edmonton
Malahide,Ontario,42.7928,-80.9361,America/Toronto
Oromocto,New Brunswick,45.8488,-66.4788,America/Moncton
Olds,Alberta,51.7928,-114.1067,America/Edmonton
Huron East,Ontario,43.63,-81.28,America/Toronto
Stanley,Manitoba,49.1331,-98.0656,America/Winnipeg
Penetanguishene,Ontario,44.7667,-79.9333,America/Toronto
Qualicum Beach,British Columbia,49.35,-124.4333,America/Vancouver
Notre-Dame-des-Prairies,Quebec,46.05,-73.4333,America/Montreal
West Perth,Ontario,43.47,-81.2,America/Toronto
Cavan Monaghan,Ontario,44.2,-78.4667,America/Toronto
Arnprior,Ontario,45.4333,-76.35,America/Toronto
Smiths Falls,Ontario,44.9,-76.0167,America/Toronto
Pont-Rouge,Quebec,46.75,-71.7,America/Montreal
Champlain,Ontario,45.5333,-74.65,America/Toronto
Coaticook,Quebec,45.1333,-71.8,America/Montreal
Minto,Ontario,43.9167,-80.8667,America/Toronto
Morden,Manitoba,49.1919,-98.1006,America/Winnipeg
Mono,Ontario,44.0167,-80.0667,America/Toronto
Corman Park No. 344,Saskatchewan,52.2291,-106.8002,America/Regina
Ladysmith,British Columbia,48.9975,-123.8203,America/Vancouver
Bridgewater,Nova Scotia,44.37,-64.52,America/Halifax
Dauphin,Manitoba,51.1992,-100.0633,America/Winnipeg
Otterburn Park,Quebec,45.5333,-73.2167,America/Montreal
Taber,Alberta,49.7847,-112.1508,America/Edmonton
South Bruce Peninsula,Ontario,44.7333,-81.2,America/Toronto
Edson,Alberta,53.5817,-116.4344,America/Edmonton
Farnham,Quebec,45.2833,-72.9833,America/Montreal
Kapuskasing,Ontario,49.4167,-82.4333,America/Toronto
La Malbaie,Quebec,47.65,-70.15,America/Montreal
Renfrew,Ontario,45.4717,-76.6831,America/Toronto
Coaldale,Alberta,49.7333,-112.6167,America/Edmonton
Portugal Cove-St. Philip's,Newfoundland and Labrador,47.6272,-52.8506,America/St_Johns
Zorra,Ontario,43.15,-80.95,America/Toronto
Kitimat,British Columbia,54,-128.7,America/Vancouver
Shelburne,Ontario,44.0833,-80.2,America/Toronto
Happy Valley,Newfoundland and Labrador,53.3396,-60.4467,America/Goose_Bay
Saint-Hippolyte,Quebec,45.93,-74.02,America/Montreal
Castlegar,British Columbia,49.3256,-117.6661,America/Vancouver
Church Point,Nova Scotia,44.3333,-66.1167,America/Halifax
Drumheller,Alberta,51.4636,-112.7194,America/Edmonton
Kirkland Lake,Ontario,48.15,-80.0333,America/Toronto
Argyle,Nova Scotia,43.8,-65.85,America/Halifax
Torbay,Newfoundland and Labrador,47.65,-52.7333,America/St_Johns
La Pêche,Quebec,45.6833,-75.9833,America/Montreal
Banff,Alberta,51.1781,-115.5719,America/Edmonton
Innisfail,Alberta,52.0333,-113.95,America/Edmonton
Nicolet,Quebec,46.2167,-72.6167,America/Montreal
Rockwood,Manitoba,50.2856,-97.2869,America/Winnipeg
Drummond/North Elmsley,Ontario,44.9667,-76.2,America/Toronto
Dryden,Ontario,49.7833,-92.8333,America/Winnipeg
Iqaluit,Nunavut,63.7598,-68.5107,America/Iqaluit
Fort Frances,Ontario,48.6167,-93.4,America/Winnipeg
La Sarre,Quebec,48.8,-79.2,America/Montreal
Trail,British Columbia,49.095,-117.71,America/Vancouver
Chandler,Quebec,48.35,-64.6833,America/Montreal
Stone Mills,Ontario,44.45,-76.9167,America/Toronto
Hanover,Ontario,44.15,-81.0333,America/Toronto
South-West Oxford,Ontario,42.95,-80.8,America/Toronto
Acton Vale,Quebec,45.65,-72.5667,America/Montreal
Bromont,Quebec,45.3167,-72.65,America/Montreal
Beckwith,Ontario,45.0833,-76.0667,America/Toronto
Goderich,Ontario,43.7333,-81.7,America/Toronto
Plympton-Wyoming,Ontario,43.0167,-82.0833,America/Toronto
Central Huron,Ontario,43.63,-81.57,America/Toronto
Rigaud,Quebec,45.4833,-74.3,America/Montreal
Louiseville,Quebec,46.25,-72.95,America/Montreal
Chibougamau,Quebec,49.9167,-74.3667,America/Montreal
Aylmer,Ontario,42.7667,-80.9833,America/Toronto
Delson,Quebec,45.37,-73.55,America/Montreal
Kimberley,British Columbia,49.6697,-115.9775,America/Edmonton
Blandford-Blenheim,Ontario,43.2333,-80.6,America/Toronto
Bayham,Ontario,42.7333,-80.7833,America/Toronto
Augusta,Ontario,44.7511,-75.6003,America/Toronto
Puslinch,Ontario,43.45,-80.1667,America/Toronto
Beauport,Quebec,46.9667,-71.3,America/Montreal
Saint-Remi,Quebec,45.2667,-73.6167,America/Montreal
St. Marys,Ontario,43.2583,-81.1333,America/Toronto
Drayton Valley,Alberta,53.2222,-114.9769,America/Edmonton
Ponoka,Alberta,52.6833,-113.5667,America/Edmonton
Labrador City,Newfoundland and Labrador,52.95,-66.9167,America/Goose_Bay
Donnacona,Quebec,46.6747,-71.7294,America/Montreal
Southgate,Ontario,44.1,-80.5833,America/Toronto
McNab/Braeside,Ontario,45.45,-76.5,America/Toronto
Macdonald,Manitoba,49.6725,-97.4472,America/Winnipeg
Hampstead,Quebec,45.4833,-73.6333,America/Montreal
Baie-Saint-Paul,Quebec,47.45,-70.5,America/Montreal
Merritt,British Columbia,50.1128,-120.7897,America/Vancouver
Bluewater,Ontario,43.45,-81.6,America/Toronto
East Zorra-Tavistock,Ontario,43.2333,-80.7833,America/Toronto
Brownsburg,Quebec,45.6703,-74.4467,America/Montreal
Stoneham-et-Tewkesbury,Quebec,47.1667,-71.4333,America/Montreal
Asbestos,Quebec,45.7667,-71.9333,America/Montreal
Huron-Kinloss,Ontario,44.05,-81.5333,America/Toronto
Coteau-du-Lac,Quebec,45.3,-74.18,America/Montreal
The Blue Mountains,Ontario,44.4833,-80.3833,America/Toronto
Whitewater Region,Ontario,45.7167,-76.8333,America/Toronto
Edwardsburgh/Cardinal,Ontario,44.8333,-75.5,America/Toronto
Sainte-Anne-des-Monts,Quebec,49.1333,-66.5,America/Montreal
Old Chelsea,Quebec,45.5,-75.7833,America/Montreal
North Stormont,Ontario,45.2167,-75,America/Toronto
Alnwick/Haldimand,Ontario,44.0833,-78.0333,America/Toronto
Peace River,Alberta,56.2339,-117.2897,America/Edmonton
Arran-Elderslie,Ontario,44.4,-81.2,America/Toronto
Saint-Zotique,Quebec,45.25,-74.25,America/Montreal
Val-Shefford,Quebec,45.35,-72.5667,America/Montreal
Douro-Dummer,Ontario,44.45,-78.1,America/Toronto
Plessisville,Quebec,46.2167,-71.7833,America/Montreal
Ritchot,Manitoba,49.6647,-97.1167,America/Winnipeg
Otonabee-South Monaghan,Ontario,44.2333,-78.2333,America/Toronto
Shediac,New Brunswick,46.2167,-64.5333,America/Moncton
Slave Lake,Alberta,55.2853,-114.7706,America/Edmonton
Port-Cartier,Quebec,50.0333,-66.8667,America/Montreal
Saint-Lambert-de-Lauzon,Quebec,46.5865,-71.2271,America/Montreal
Barrington,Nova Scotia,43.5646,-65.5639,America/Halifax
Rocky Mountain House,Alberta,52.3753,-114.9217,America/Edmonton
Chatsworth,Ontario,44.38,-80.87,America/Toronto
Stephenville,Newfoundland and Labrador,48.55,-58.5667,America/St_Johns
Muskoka Falls,Ontario,45.1264,-79.558,America/Toronto
Devon,Alberta,53.3633,-113.7322,America/Edmonton
Yarmouth,Nova Scotia,43.8361,-66.1175,America/Halifax
Boischatel,Quebec,46.9,-71.15,America/Montreal
Parry Sound,Ontario,45.3333,-80.0333,America/Toronto
Pointe-Calumet,Quebec,45.5,-73.97,America/Montreal
Beaubassin East / Beaubassin-est,New Brunswick,46.1726,-64.3122,America/Moncton
Wainfleet,Ontario,42.925,-79.375,America/Toronto
Cramahe,Ontario,44.0833,-77.8833,America/Toronto
Beauceville,Quebec,46.2,-70.7833,America/Montreal
North Middlesex,Ontario,43.15,-81.6333,America/Toronto
Amqui,Quebec,48.4667,-67.4333,America/Montreal
Sainte-Catherine-de-la-Jacques-Cartier,Quebec,46.85,-71.6167,America/Montreal
Clarenville,Newfoundland and Labrador,48.1566,-53.965,America/St_Johns
Mont-Joli,Quebec,48.58,-68.18,America/Montreal
Dysart et al,Ontario,45.2042,-78.4047,America/Toronto
Wainwright,Alberta,52.8333,-110.8667,America/Edmonton
Contrecoeur,Quebec,45.85,-73.2333,America/Montreal
Beresford,New Brunswick,47.7181,-65.8794,America/Moncton
Saint-Joseph-du-Lac,Quebec,45.5333,-74,America/Montreal
Hope,British Columbia,49.3858,-121.4419,America/Vancouver
Gimli,Manitoba,50.6619,-97.0297,America/Winnipeg
Douglas,New Brunswick,46.2819,-66.942,America/Moncton
Saint-Apollinaire,Quebec,46.6167,-71.5167,America/Montreal
Hindon Hill,Ontario,44.9333,-78.7333,America/Toronto
Les Cèdres,Quebec,45.3,-74.05,America/Montreal
La Broquerie,Manitoba,49.3994,-96.5103,America/Winnipeg
Kent,British Columbia,49.2833,-121.75,America/Vancouver
Tweed,Ontario,44.6,-77.3333,America/Toronto
Saint-Felix-de-Valois,Quebec,46.17,-73.43,America/Montreal
Bay Roberts,Newfoundland and Labrador,47.5847,-53.2783,America/St_Johns
Melfort,Saskatchewan,52.8564,-104.61,America/Regina
Bonnyville,Alberta,54.2667,-110.75,America/Edmonton
Stettler,Alberta,52.3236,-112.7192,America/Edmonton
Saint-Calixte,Quebec,45.95,-73.85,America/Montreal
Lac-Megantic,Quebec,45.5833,-70.8833,America/Montreal
Perth,Ontario,44.9,-76.25,America/Toronto
Oliver Paipoonge,Ontario,48.39,-89.52,America/Toronto
Humboldt,Saskatchewan,52.2019,-105.1231,America/Regina
Charlemagne,Quebec,45.7167,-73.4833,America/Montreal
Pontiac,Quebec,45.5833,-76.1333,America/Montreal
St. Paul,Alberta,53.9928,-111.2972,America/Edmonton
Petrolia,Ontario,42.8833,-82.1417,America/Toronto
Southwest Middlesex,Ontario,42.75,-81.7,America/Toronto
Front of Yonge,Ontario,44.5333,-75.8667,America/Toronto
Vegreville,Alberta,53.4928,-112.0522,America/Edmonton
Sainte-Brigitte-de-Laval,Quebec,47,-71.2,America/Montreal
Princeville,Quebec,46.1667,-71.8833,America/Montreal
Verchères,Quebec,45.7833,-73.35,America/Montreal
The Pas,Manitoba,53.825,-101.2533,America/Winnipeg
Saint-Cesaire,Quebec,45.4167,-73,America/Montreal
La Ronge,Saskatchewan,55.1,-105.3,America/Regina
Tay Valley,Ontario,44.8667,-76.3833,America/Toronto
South Bruce,Ontario,44.0333,-81.2,America/Toronto
McMasterville,Quebec,45.55,-73.2333,America/Montreal
Redcliff,Alberta,50.0792,-110.7783,America/Edmonton
Crowsnest Pass,Alberta,49.5955,-114.5136,America/Edmonton
Saint-Philippe,Quebec,45.35,-73.47,America/Montreal
Richelieu,Quebec,45.45,-73.25,America/Montreal
Notre-Dame-du-Mont-Carmel,Quebec,46.4833,-72.65,America/Montreal
L'Ange-Gardien,Quebec,45.5833,-75.45,America/Montreal
Sainte-Martine,Quebec,45.25,-73.8,America/Montreal
Saint-Pie,Quebec,45.5,-72.9,America/Montreal
Peachland,British Columbia,49.7736,-119.7369,America/Vancouver
Ashfield-Colborne-Wawanosh,Ontario,43.8667,-81.6,America/Toronto
Trent Lakes,Ontario,44.6667,-78.4333,America/Toronto
Northern Rockies,British Columbia,59,-123.75,America/Fort_Nelson
Cookshire,Quebec,45.3729,-71.672,America/Montreal
West St. Paul,Manitoba,50.0119,-97.115,America/Winnipeg
Windsor,Quebec,45.5667,-72,America/Montreal
L’Epiphanie,Quebec,45.85,-73.4833,America/Montreal
Creston,British Columbia,49.09,-116.51,America/Creston
Smithers,British Columbia,54.7819,-127.1681,America/Vancouver
Cornwall,Prince Edward Island,46.2407,-63.2009,America/Halifax
Meadow Lake,Saskatchewan,54.1242,-108.4358,America/Regina
Lanark Highlands,Ontario,45.088,-76.517,America/Toronto
Sackville,New Brunswick,45.9,-64.3667,America/Moncton
Grand Falls,New Brunswick,47.0344,-67.7394,America/Moncton
Cochrane,Ontario,49.0667,-81.0167,America/Toronto
Marystown,Newfoundland and Labrador,47.1667,-55.1667,America/St_Johns
Sioux Lookout,Ontario,50.1,-91.9167,America/Winnipeg
Didsbury,Alberta,51.6658,-114.1311,America/Edmonton
Saint-Honore,Quebec,48.5333,-71.0833,America/Montreal
Fernie,British Columbia,49.5042,-115.0628,America/Edmonton
Deer Lake,Newfoundland and Labrador,49.1744,-57.4269,America/St_Johns
Woodstock,New Brunswick,46.1522,-67.5983,America/Moncton
Val-David,Quebec,46.03,-74.22,America/Montreal
Flin Flon,Saskatchewan,54.7667,-101.8778,America/Winnipeg
Hudson,Quebec,45.45,-74.15,America/Montreal
Gananoque,Ontario,44.33,-76.17,America/Toronto
Brokenhead,Manitoba,50.1428,-96.5319,America/Winnipeg
Saint-Paul,Quebec,45.9833,-73.45,America/Montreal
Burton,New Brunswick,45.8009,-66.4066,America/Moncton
Spallumcheen,British Columbia,50.4462,-119.2121,America/Vancouver
Westlock,Alberta,54.1522,-113.8511,America/Edmonton
Temiscouata-sur-le-Lac,Quebec,47.68,-68.88,America/Montreal
Shannon,Quebec,46.8833,-71.5167,America/Montreal
Osoyoos,British Columbia,49.0325,-119.4661,America/Vancouver
Montreal-Ouest,Quebec,45.4536,-73.6472,America/Montreal
Hearst,Ontario,49.6869,-83.6544,America/Toronto
Saint-Henri,Quebec,46.7,-71.0667,America/Montreal
Ste. Anne,Manitoba,49.6186,-96.5708,America/Winnipeg
Antigonish,Nova Scotia,45.6167,-61.9833,America/Halifax
Espanola,Ontario,46.25,-81.7667,America/Toronto
West Elgin,Ontario,42.5833,-81.6667,America/Toronto
Flin Flon (Part),Manitoba,54.7712,-101.8419,America/Winnipeg
Grand Bay-Westfield,New Brunswick,45.3608,-66.2415,America/Moncton
Sainte-Anne-de-Bellevue,Quebec,45.4039,-73.9525,America/Montreal
North Huron,Ontario,43.83,-81.42,America/Toronto
Oliver,British Columbia,49.1844,-119.55,America/Vancouver
Saint-Roch-de-l'Achigan,Quebec,45.85,-73.6,America/Montreal
Stirling-Rawdon,Ontario,44.3667,-77.5917,America/Toronto
Chisasibi,Quebec,53.6645,-78.7938,America/Montreal
Carbonear,Newfoundland and Labrador,47.7375,-53.2294,America/St_Johns
Saint Marys,New Brunswick,46.1748,-66.4897,America/Moncton
Chertsey,Quebec,46.17,-73.92,America/Montreal
Armstrong,British Columbia,50.4483,-119.1961,America/Vancouver
Stonewall,Manitoba,50.1344,-97.3261,America/Winnipeg
Shippagan,New Brunswick,47.8557,-64.6012,America/Moncton
Lanoraie,Quebec,45.9667,-73.2167,America/Montreal
Memramcook,New Brunswick,46,-64.55,America/Moncton
Centre Hastings,Ontario,44.4167,-77.4417,America/Toronto
Warwick,Quebec,45.95,-71.9833,America/Montreal
East Ferris,Ontario,46.2667,-79.3,America/Toronto
Hanwell,New Brunswick,45.8681,-66.7947,America/Moncton
Saint-Joseph-de-Beauce,Quebec,46.3,-70.8833,America/Montreal
Metchosin,British Columbia,48.3819,-123.5378,America/Vancouver
Lucan Biddulph,Ontario,43.2,-81.3833,America/Toronto
Rivière-Rouge,Quebec,46.4167,-74.8667,America/Montreal
Greenstone,Ontario,50,-86.7333,America/Toronto
Saint-Mathias-sur-Richelieu,Quebec,45.4667,-73.2667,America/Montreal
Neepawa,Manitoba,50.2289,-99.4656,America/Winnipeg
Gibsons,British Columbia,49.4028,-123.5036,America/Vancouver
Kindersley,Saskatchewan,51.4678,-109.1567,America/Regina
Jasper,Alberta,52.9013,-118.1312,America/Edmonton
Barrhead,Alberta,54.1167,-114.4,America/Edmonton
Les Coteaux,Quebec,45.28,-74.23,America/Montreal
Melville,Saskatchewan,50.9306,-102.8078,America/Regina
Saint-Germain-de-Grantham,Quebec,45.8333,-72.5667,America/Montreal
Iroquois Falls,Ontario,48.7667,-80.6667,America/Toronto
Havelock-Belmont-Methuen,Ontario,44.5667,-77.9,America/Toronto
Cornwallis,Manitoba,49.7981,-99.8481,America/Winnipeg
Saint-Boniface,Quebec,46.5,-72.8167,America/Montreal
Edenwold No. 158,Saskatchewan,50.5166,-104.3451,America/Regina
Coverdale,New Brunswick,46.0003,-64.8859,America/Moncton
Vanderhoof,British Columbia,54.0143,-124.0089,America/Vancouver
Southwold,Ontario,42.75,-81.3167,America/Toronto
Goulds,Newfoundland and Labrador,47.4517,-52.7647,America/St_Johns
Saint Stephen,New Brunswick,45.2,-67.2833,America/New_York
Waterloo,Quebec,45.35,-72.5167,America/Montreal
Nipawin,Saskatchewan,53.3572,-104.0192,America/Regina
Neuville,Quebec,46.7,-71.5833,America/Montreal
Saint-Cyrille-de-Wendover,Quebec,45.9333,-72.4333,America/Montreal
Central Frontenac,Ontario,44.7167,-76.8,America/Toronto
Mont-Orford,Quebec,45.3661,-72.1838,America/Montreal
Saint-Jean-de-Matha,Quebec,46.23,-73.53,America/Montreal
Seguin,Ontario,45.2882,-79.8116,America/Toronto
Tyendinaga,Ontario,44.3,-77.2,America/Toronto
Hampton,New Brunswick,45.533,-65.833,America/Moncton
Sussex,New Brunswick,45.7167,-65.5167,America/Moncton
Grand Forks,British Columbia,49.0333,-118.44,America/Vancouver
La Pocatière,Quebec,47.3667,-70.0333,America/Montreal
Caraquet,New Brunswick,47.7853,-64.9592,America/Moncton
Saint-etienne-des-Grès,Quebec,46.4333,-72.7667,America/Montreal
Altona,Manitoba,49.1044,-97.5625,America/Winnipeg
Stellarton,Nova Scotia,45.5567,-62.66,America/Halifax
Wolfville,Nova Scotia,45.0833,-64.3667,America/Halifax
New Maryland,New Brunswick,45.8911,-66.6847,America/Moncton
Port Hardy,British Columbia,50.7225,-127.4928,America/Vancouver
Saint-Donat,Quebec,46.3167,-74.2167,America/Montreal
Château-Richer,Quebec,46.9667,-71.0167,America/Montreal
Madawaska Valley,Ontario,45.5,-77.6667,America/Toronto
Deep River,Ontario,46.1,-77.4917,America/Montreal
Asphodel-Norwood,Ontario,44.3531,-78.0183,America/Toronto
Red Lake,Ontario,51.0333,-93.8333,America/Winnipeg
Metabetchouan-Lac-à-la-Croix,Quebec,48.4333,-71.8667,America/Montreal
Berthierville,Quebec,46.0833,-73.1833,America/Montreal
Vermilion,Alberta,53.3542,-110.8528,America/Edmonton
Niverville,Manitoba,49.6056,-97.0417,America/Winnipeg
Hastings Highlands,Ontario,45.2333,-77.9333,America/Toronto
Carstairs,Alberta,51.5619,-114.0953,America/Edmonton
Danville,Quebec,45.7833,-72.0167,America/Montreal
Channel-Port aux Basques,Newfoundland and Labrador,47.5694,-59.1361,America/St_Johns
Battleford,Saskatchewan,52.7383,-108.3153,America/Regina
Lac-Etchemin,Quebec,46.4,-70.5,America/Montreal
Saint-Antonin,Quebec,47.7667,-69.4833,America/Montreal
Saint-Jacques,Quebec,45.95,-73.5667,America/Montreal
Swan River,Manitoba,52.1058,-101.2667,America/Winnipeg
Sutton,Quebec,45.091,-72.5792,America/Montreal
Northern Bruce Peninsula,Ontario,45.08,-81.38,America/Toronto
L’Islet-sur-Mer,Quebec,47.1,-70.35,America/Montreal
Carleton-sur-Mer,Quebec,48.1,-66.1333,America/Montreal
Oka,Quebec,45.47,-74.08,America/Montreal
Prescott,Ontario,44.7167,-75.5167,America/Toronto
Amaranth,Ontario,43.9833,-80.2333,America/Toronto
Marmora and Lake,Ontario,44.6425,-77.7372,America/Toronto
Maniwaki,Quebec,46.375,-75.9667,America/Montreal
Morin-Heights,Quebec,45.9,-74.25,America/Montreal
Dundas,New Brunswick,46.3155,-64.6947,America/Moncton
Napierville,Quebec,45.1833,-73.4,America/Montreal
Crabtree,Quebec,45.9667,-73.4667,America/Montreal
Bancroft,Ontario,45.05,-77.85,America/Toronto
Saint-Tite,Quebec,46.7333,-72.5667,America/Montreal
Howick,Ontario,43.9,-81.07,America/Toronto
Dutton/Dunwich,Ontario,42.6667,-81.5,America/Toronto
Callander,Ontario,46.1781,-79.4125,America/Toronto
Simonds,New Brunswick,45.3145,-65.803,America/Moncton
Baie-d’Urfe,Quebec,45.4167,-73.9167,America/Montreal
New Richmond,Quebec,48.1667,-65.8667,America/Montreal
Perth South,Ontario,43.3,-81.15,America/Toronto
Roxton Pond,Quebec,45.4833,-72.6667,America/Montreal
Sparwood,British Columbia,49.7331,-114.8853,America/Edmonton
Claresholm,Alberta,50.0194,-113.5783,America/Edmonton
Breslau,Ontario,43.4816,-80.408,America/Toronto
Montague,Ontario,44.9667,-75.9667,America/Toronto
Cumberland,British Columbia,49.6206,-125.0261,America/Vancouver
Beaupre,Quebec,47.05,-70.9,America/Montreal
Saint-Andre-Avellin,Quebec,45.7167,-75.0667,America/Montreal
Saint-Ambroise-de-Kildare,Quebec,46.0833,-73.55,America/Montreal
East Angus,Quebec,45.4833,-71.6667,America/Montreal
Rossland,British Columbia,49.0786,-117.7992,America/Vancouver
Mackenzie,British Columbia,55.3381,-123.0944,America/Vancouver
Golden,British Columbia,51.3019,-116.9667,America/Edmonton
Raymond,Alberta,49.4658,-112.6508,America/Edmonton
Saint-Adolphe-d'Howard,Quebec,45.97,-74.33,America/Montreal
Warwick,Ontario,43,-81.8917,America/Toronto
Bowen Island,British Columbia,49.3833,-123.3833,America/Vancouver
Bonnechere Valley,Ontario,45.5333,-77.1,America/Toronto
Windsor,Nova Scotia,44.9803,-64.1292,America/Halifax
Pincher Creek,Alberta,49.4861,-113.95,America/Edmonton
Alnwick,New Brunswick,47.2656,-65.2292,America/Moncton
Westville,Nova Scotia,45.55,-62.7,America/Halifax
Fruitvale,British Columbia,49.1161,-117.5414,America/Vancouver
Pasadena,Newfoundland and Labrador,49.0161,-57.605,America/St_Johns
Saint-Prosper,Quebec,46.2167,-70.4833,America/Montreal
Ormstown,Quebec,45.13,-74,America/Montreal
Cardston,Alberta,49.2025,-113.3019,America/Edmonton
Westbank,British Columbia,49.8423,-119.6743,America/Vancouver
De Salaberry,Manitoba,49.4403,-96.9844,America/Winnipeg
Headingley,Manitoba,49.8681,-97.3908,America/Winnipeg
Grande Cache,Alberta,53.8773,-119.1199,America/Edmonton
Atholville,New Brunswick,47.9894,-66.7125,America/Moncton
Saint-Agapit,Quebec,46.5667,-71.4333,America/Montreal
Prince Albert No. 461,Saskatchewan,53.1089,-105.6574,America/Regina
Casselman,Ontario,45.3,-75.0833,America/Toronto
Saint-Ambroise,Quebec,48.55,-71.3333,America/Montreal
Hay River,Northwest Territories,60.7531,-115.9004,America/Yellowknife
Mistissini,Quebec,50.5707,-73.6829,America/Montreal
Studholm,New Brunswick,45.8133,-65.5747,America/Moncton
Lumby,British Columbia,50.2494,-118.9656,America/Vancouver
Saint-Faustin--Lac-Carre,Quebec,46.0813,-74.4668,America/Montreal
Morris-Turnberry,Ontario,43.85,-81.25,America/Toronto
Placentia,Newfoundland and Labrador,47.2458,-53.9611,America/St_Johns
Saint-Pascal,Quebec,47.5333,-69.8,America/Montreal
Mulmur,Ontario,44.1917,-80.1083,America/Toronto
Blind River,Ontario,46.1833,-82.95,America/Toronto
Dunham,Quebec,45.1333,-72.8,America/Montreal
Havre-Saint-Pierre,Quebec,50.2333,-63.6,America/Montreal
Saint-Anselme,Quebec,46.6333,-70.9667,America/Montreal
Trois-Pistoles,Quebec,48.12,-69.18,America/Montreal
Grande-Rivière,Quebec,48.4,-64.5,America/Montreal
Powassan,Ontario,46.0825,-79.3619,America/Toronto
Malartic,Quebec,48.1333,-78.1333,America/Montreal
Bonavista,Newfoundland and Labrador,48.6597,-53.1208,America/St_Johns
Killarney - Turtle Mountain,Manitoba,49.1775,-99.6906,America/Winnipeg
Woodlands,Manitoba,50.2408,-97.7358,America/Winnipeg
Lewisporte,Newfoundland and Labrador,49.23,-55.07,America/St_Johns
Saint-Denis-de-Brompton,Quebec,45.45,-72.0833,America/Montreal
Invermere,British Columbia,50.5083,-116.0303,America/Edmonton
Salisbury,New Brunswick,46.0776,-65.1996,America/Moncton
Bifrost-Riverton,Manitoba,51.0603,-97.1436,America/Winnipeg
Buckland No. 491,Saskatchewan,53.3276,-105.7804,America/Regina
Cartier,Manitoba,49.9161,-97.7,America/Winnipeg
Sainte-Anne-des-Lacs,Quebec,45.85,-74.1333,America/Montreal
Highlands East,Ontario,44.9667,-78.25,America/Toronto
Alexander,Manitoba,50.4222,-96.075,America/Winnipeg
Sainte-Claire,Quebec,46.6,-70.8667,America/Montreal
Perce,Quebec,48.5333,-64.2167,America/Montreal
Saint-Jean-Port-Joli,Quebec,47.2167,-70.2667,America/Montreal
East Hawkesbury,Ontario,45.5167,-74.4667,America/Toronto
Bright,New Brunswick,46.1205,-67.0545,America/Moncton
Penhold,Alberta,52.1333,-113.8667,America/Edmonton
Saint-Andre-d'Argenteuil,Quebec,45.5667,-74.3333,America/Montreal
Saint-Côme--Linière,Quebec,46.0667,-70.5167,America/Montreal
Saint-Sulpice,Quebec,45.8333,-73.35,America/Montreal
Marathon,Ontario,48.75,-86.3667,America/Toronto
Forestville,Quebec,48.7333,-69.0833,America/Montreal
Inuvik,Northwest Territories,68.3407,-133.6096,America/Inuvik
Richmond,Quebec,45.6667,-72.15,America/Montreal
Lake Cowichan,British Columbia,48.8258,-124.0542,America/Vancouver
Sables-Spanish Rivers,Ontario,46.2333,-82,America/Toronto
Hillsburg-Roblin-Shell River,Manitoba,51.3343,-101.2929,America/Winnipeg
Port Hawkesbury,Nova Scotia,45.6153,-61.3642,America/Halifax
Three Hills,Alberta,51.7072,-113.2647,America/Edmonton
Lorette,Manitoba,49.7414,-96.8761,America/Winnipeg
Paspebiac,Quebec,48.0333,-65.25,America/Montreal
Saint-Thomas,Quebec,46.0167,-73.35,America/Montreal
Saint-Jean-Baptiste,Quebec,45.5167,-73.1167,America/Montreal
Portneuf,Quebec,46.7,-71.8833,America/Montreal
Pictou,Nova Scotia,45.6814,-62.7119,America/Halifax
Tisdale,Saskatchewan,52.85,-104.05,America/Regina
Lake of Bays,Ontario,45.3043,-79.018,America/Toronto
High Level,Alberta,58.5169,-117.1361,America/Edmonton
Gibbons,Alberta,53.8278,-113.3228,America/Edmonton
Bishops Falls,Newfoundland and Labrador,49.0167,-55.5167,America/St_Johns
WestLake-Gladstone,Manitoba,50.2862,-98.8415,America/Winnipeg
Normandin,Quebec,48.8333,-72.5333,America/Montreal
Saint-Alphonse-Rodriguez,Quebec,46.1833,-73.7,America/Montreal
Beausejour,Manitoba,50.0622,-96.5161,America/Winnipeg
Dalhousie,New Brunswick,48.1,-66.6167,America/Montreal
Saint-Alphonse-de-Granby,Quebec,45.3333,-72.8167,America/Montreal
Lac du Bonnet,Manitoba,50.2577,-96.1209,America/Winnipeg
Clermont,Quebec,47.6833,-70.2333,America/Montreal
Virden,Manitoba,49.8508,-100.9317,America/Winnipeg
Compton,Quebec,45.2333,-71.8167,America/Montreal
White City,Saskatchewan,50.4353,-104.3572,America/Regina
Ellison,British Columbia,49.9646,-119.3178,America/Vancouver
Mont-Saint-Gregoire,Quebec,45.3333,-73.1667,America/Montreal
Wellington,New Brunswick,46.4768,-64.7478,America/Moncton
Merrickville,Ontario,44.8539,-75.8269,America/Toronto
Saint-Liboire,Quebec,45.65,-72.7667,America/Montreal
Degelis,Quebec,47.55,-68.65,America/Montreal
Morris,Manitoba,49.3986,-97.4592,America/Winnipeg
Saint-Alexis-des-Monts,Quebec,46.4667,-73.1333,America/Montreal
Cap-Saint-Ignace,Quebec,47.0333,-70.4667,America/Montreal
Saint-Anaclet-de-Lessard,Quebec,48.48,-68.42,America/Montreal
Carman,Manitoba,49.4992,-98.0008,America/Winnipeg
Athens,Ontario,44.625,-75.95,America/Toronto
Melancthon,Ontario,44.15,-80.2667,America/Toronto
Cap Sante,Quebec,46.6667,-71.7833,America/Montreal
Harbour Grace,Newfoundland and Labrador,47.6917,-53.2167,America/St_Johns
Houston,British Columbia,54.3975,-126.6419,America/Vancouver
Adelaide-Metcalfe,Ontario,42.95,-81.7,America/Toronto
Crossfield,Alberta,51.4333,-114.0333,America/Edmonton
Springdale,Newfoundland and Labrador,49.4974,-56.0727,America/St_Johns
Fort Macleod,Alberta,49.7256,-113.3975,America/Edmonton
Athabasca,Alberta,54.7197,-113.2856,America/Edmonton
Enderby,British Columbia,50.5508,-119.1397,America/Vancouver
Saint-Ferreol-les-Neiges,Quebec,47.1167,-70.85,America/Montreal
Laurentian Hills,Ontario,46.1333,-77.55,America/Montreal
Grand Valley,Ontario,43.95,-80.3667,America/Toronto
Senneterre,Quebec,48.3833,-77.2333,America/Montreal
Sainte-Marie-Madeleine,Quebec,45.6,-73.1,America/Montreal
Admaston/Bromley,Ontario,45.5292,-76.8969,America/Toronto
Saint-Gabriel-de-Valcartier,Quebec,46.9333,-71.4667,America/Montreal
North Algona Wilberforce,Ontario,45.6167,-77.2,America/Toronto
Kingston,New Brunswick,45.4663,-66.0217,America/Moncton
Wawa,Ontario,47.9931,-84.7736,America/Toronto
Saint-Christophe-d'Arthabaska,Quebec,46.0333,-71.8833,America/Montreal
Sainte-Melanie,Quebec,46.1333,-73.5167,America/Montreal
Ascot Corner,Quebec,45.45,-71.7667,America/Montreal
Horton,Ontario,45.5,-76.6667,America/Toronto
Saint-Michel,Quebec,45.2333,-73.5667,America/Montreal
Botwood,Newfoundland and Labrador,49.15,-55.3667,America/St_Johns
Saint-Paul-d'Abbotsford,Quebec,45.4333,-72.8833,America/Montreal
Saint-Marc-des-Carrières,Quebec,46.6833,-72.05,America/Montreal
Stanstead,Quebec,45.0167,-72.1,America/Montreal
Sainte-Anne-de-Beaupre,Quebec,47.0167,-70.9333,America/Montreal
Sainte-Luce,Quebec,48.55,-68.38,America/Montreal
Saint-Gabriel,Quebec,46.3,-73.3833,America/Montreal
Rankin Inlet,Nunavut,62.83,-92.1321,America/Rankin_Inlet
Vanscoy No. 345,Saskatchewan,52.0073,-107.0552,America/Regina
Cedar,British Columbia,49.0853,-123.8259,America/Vancouver
Princeton,British Columbia,49.4589,-120.506,America/Vancouver
La Loche,Saskatchewan,56.4833,-109.4333,America/Regina
Kingsclear,New Brunswick,45.8796,-66.8695,America/Moncton
Ferme-Neuve,Quebec,46.7,-75.45,America/Montreal
Thurso,Quebec,45.5969,-75.2433,America/Montreal
Adstock,Quebec,46.05,-71.08,America/Montreal
Shuniah,Ontario,48.5833,-88.8333,America/Toronto
Enniskillen,Ontario,42.8167,-82.125,America/Toronto
Yamachiche,Quebec,46.2667,-72.8333,America/Montreal
Saint-Maurice,Quebec,46.4667,-72.5333,America/Montreal
Bonaventure,Quebec,48.05,-65.4833,America/Montreal
Val-Morin,Quebec,46,-74.18,America/Montreal
Pohenegamook,Quebec,47.4667,-69.2167,America/Montreal
Wakefield,New Brunswick,46.2406,-67.6248,America/Moncton
Stoke,Quebec,45.5333,-71.8,America/Montreal
Sainte-Marguerite-du-Lac-Masson,Quebec,46.056,-74.0723,America/Montreal
Saint-Prime,Quebec,48.58,-72.33,America/Montreal
Kuujjuaq,Quebec,58.1429,-68.3742,America/Montreal
Atikokan,Ontario,48.75,-91.6167,America/Atikokan
Grenville-sur-la-Rouge,Quebec,45.65,-74.6333,America/Montreal
North Cypress-Langford,Manitoba,49.9969,-99.3982,America/Winnipeg
Sainte-Anne-de-Sorel,Quebec,46.05,-73.0667,America/Montreal
Macamic,Quebec,48.75,-79,America/Montreal
Sundre,Alberta,51.7972,-114.6406,America/Edmonton
Rougemont,Quebec,45.4333,-73.05,America/Montreal
Piedmont,Quebec,45.9,-74.13,America/Montreal
Grimshaw,Alberta,56.1908,-117.6117,America/Edmonton
Lac-des-ecorces,Quebec,46.55,-75.35,America/Montreal
Northeastern Manitoulin and the Islands,Ontario,45.9667,-81.9333,America/Toronto
Pelican Narrows,Saskatchewan,55.1883,-102.9342,America/Regina
McDougall,Ontario,45.45,-80.0167,America/Toronto
Black Diamond,Alberta,50.6881,-114.2333,America/Edmonton
Saint-Pamphile,Quebec,46.9667,-69.7833,America/Montreal
Bedford,Quebec,45.1167,-72.9833,America/Montreal
Weedon-Centre,Quebec,45.7,-71.4667,America/Montreal
Lacolle,Quebec,45.0833,-73.3667,America/Montreal
Saint-Gabriel-de-Brandon,Quebec,46.2667,-73.3833,America/Montreal
Errington,British Columbia,49.2874,-124.3433,America/Vancouver
Coalhurst,Alberta,49.7457,-112.9319,America/Edmonton
French River / Rivière des Français,Ontario,46.1667,-80.5,America/Toronto
Arviat,Nunavut,61.0996,-94.1688,America/Rankin_Inlet
Saint-David-de-Falardeau,Quebec,48.6167,-71.1167,America/Montreal
Markstay,Ontario,46.4912,-80.4717,America/Toronto
Spaniards Bay,Newfoundland and Labrador,47.6181,-53.3369,America/St_Johns
Cocagne,New Brunswick,46.3406,-64.62,America/Moncton
Saint-Bruno,Quebec,48.4667,-71.65,America/Montreal
Chetwynd,British Columbia,55.6972,-121.6333,America/Dawson_Creek
Laurier-Station,Quebec,46.5333,-71.6333,America/Montreal
Saint-Anicet,Quebec,45.12,-74.35,America/Montreal
Saint-Mathieu-de-Beloeil,Quebec,45.5667,-73.2,America/Montreal
Cap-Chat,Quebec,49.1,-66.6833,America/Montreal
Sexsmith,Alberta,55.3508,-118.7825,America/Edmonton
Notre-Dame-de-Lourdes,Quebec,46.1,-73.4333,America/Montreal
Ville-Marie,Quebec,47.3333,-79.4333,America/Montreal
Saint-Isidore,Quebec,45.3,-73.68,America/Montreal
Shippegan,New Brunswick,47.7439,-64.7178,America/Moncton
East Garafraxa,Ontario,43.85,-80.25,America/Toronto
Pemberton,British Columbia,50.3203,-122.8053,America/Vancouver
Unity,Saskatchewan,52.4333,-109.1667,America/Regina
Rimbey,Alberta,52.6333,-114.2167,America/Edmonton
High Prairie,Alberta,55.4325,-116.4861,America/Edmonton
Turner Valley,Alberta,50.6739,-114.2786,America/Edmonton
Hanna,Alberta,51.6383,-111.9419,America/Edmonton
Fort Smith,Northwest Territories,60.026,-112.0821,America/Yellowknife
Maria,Quebec,48.1667,-65.9833,America/Montreal
Saint-Chrysostome,Quebec,45.1,-73.7667,America/Montreal
Greater Madawaska,Ontario,45.2722,-76.8589,America/Toronto
Berwick,Nova Scotia,45.0475,-64.736,America/Halifax
Saint-Damase,Quebec,45.5333,-73,America/Montreal
Lincoln,New Brunswick,45.8716,-66.5437,America/Moncton
Disraeli,Quebec,45.9,-71.35,America/Montreal
Sainte-Victoire-de-Sorel,Quebec,45.95,-73.0833,America/Montreal
Meadow Lake No. 588,Saskatchewan,54.1213,-108.2837,America/Regina
Elkford,British Columbia,50.0214,-114.9158,America/Edmonton
Georgian Bay,Ontario,44.9833,-79.8167,America/Toronto
Saint-Alexandre,Quebec,45.2333,-73.1167,America/Montreal
Herbertville,Quebec,48.3473,-71.6784,America/Montreal
Moosomin,Saskatchewan,50.142,-101.67,America/Regina
North Kawartha,Ontario,44.75,-78.1,America/Toronto
Sainte-Thècle,Quebec,46.8167,-72.5,America/Montreal
Trenton,Nova Scotia,45.6193,-62.6332,America/Halifax
Fermont,Quebec,52.7833,-67.0833,America/Montreal
Esterhazy,Saskatchewan,50.65,-102.0667,America/Regina
Wickham,Quebec,45.75,-72.5,America/Montreal
La Presentation,Quebec,45.6667,-73.05,America/Montreal
Beaverlodge,Alberta,55.2094,-119.4292,America/Edmonton
Sainte-Catherine-de-Hatley,Quebec,45.25,-72.05,America/Montreal
Saint-Basile,Quebec,46.75,-71.8167,America/Montreal
Saint-Raphaël,Quebec,46.8,-70.75,America/Montreal
Holyrood,Newfoundland and Labrador,47.3833,-53.1333,America/St_Johns
Gracefield,Quebec,46.0926,-75.9574,America/Montreal
Saint-Martin,Quebec,45.9667,-70.65,America/Montreal
Causapscal,Quebec,48.3667,-67.2333,America/Montreal
Brigham,Quebec,45.25,-72.85,America/Montreal
Perry,Ontario,45.5,-79.2833,America/Toronto
Port-Daniel--Gascons,Quebec,48.1833,-64.9667,America/Montreal
Rosetown,Saskatchewan,51.55,-107.9833,America/Regina
Minnedosa,Manitoba,50.2453,-99.8428,America/Winnipeg
Labelle,Quebec,46.2833,-74.7333,America/Montreal
Huntingdon,Quebec,45.08,-74.17,America/Montreal
Hebertville,Quebec,48.4,-71.6833,America/Montreal
Black River-Matheson,Ontario,48.5333,-80.4667,America/Toronto
Saint-Michel-des-Saints,Quebec,46.6833,-73.9167,America/Montreal
Dufferin,Manitoba,49.5319,-98.07,America/Winnipeg
Saint-Victor,Quebec,46.15,-70.9,America/Montreal
Sicamous,British Columbia,50.8378,-118.9703,America/Vancouver
Cap Pele,New Brunswick,46.2172,-64.2822,America/Moncton
Kelsey,Manitoba,53.7356,-101.395,America/Winnipeg
"Killaloe, Hagarty and Richards",Ontario,45.6,-77.5,America/Toronto
Alvinston,Ontario,42.8489,-81.9049,America/Toronto
Dundurn No. 314,Saskatchewan,51.8261,-106.5416,America/Regina
Saint-ephrem-de-Beauce,Quebec,46.0516,-70.9374,America/Montreal
Assiniboia,Saskatchewan,49.6167,-105.9833,America/Regina
Temiscaming,Quebec,46.7167,-79.1,America/Toronto
Magrath,Alberta,49.4239,-112.8683,America/Edmonton
Sainte-Geneviève-de-Berthier,Quebec,46.0833,-73.2167,America/Montreal
Buctouche,New Brunswick,46.4719,-64.7249,America/Moncton
Grand Manan,New Brunswick,44.69,-66.82,America/Moncton
Sainte-Madeleine,Quebec,45.6,-73.1,America/Montreal
Boissevain,Manitoba,49.1779,-100.0955,America/Winnipeg
Scott,Quebec,46.512,-71.077,America/Montreal
Sainte-Croix,Quebec,46.62,-71.73,America/Montreal
Algonquin Highlands,Ontario,45.4,-78.75,America/Toronto
Valcourt,Quebec,45.5,-72.3167,America/Montreal
Saint George,New Brunswick,45.2916,-66.8501,America/Moncton
Paquetville,New Brunswick,47.6334,-65.1803,America/Moncton
Saint-Dominique,Quebec,45.5667,-72.85,America/Montreal
Clearwater,British Columbia,51.65,-120.0333,America/Vancouver
Addington Highlands,Ontario,45,-77.25,America/Toronto
Lillooet,British Columbia,50.6864,-121.9364,America/Vancouver
Burin,Newfoundland and Labrador,47.05,-55.18,America/St_Johns
Grand Bank,Newfoundland and Labrador,47.1,-55.7833,America/St_Johns
Lery,Quebec,45.35,-73.8,America/Montreal
Minto,New Brunswick,46.1497,-66.1067,America/Moncton
Rosthern No. 403,Saskatchewan,52.6206,-106.3967,America/Regina
Chase,British Columbia,50.8189,-119.6844,America/Vancouver
Mansfield-et-Pontefract,Quebec,45.8611,-76.7392,America/Montreal
Saint-Denis,Quebec,45.7833,-73.15,America/Montreal
Outlook,Saskatchewan,51.5,-107.05,America/Regina
Mitchell,Manitoba,49.5363,-96.7634,America/Winnipeg
Saint-Gedeon-de-Beauce,Quebec,45.85,-70.6333,America/Montreal
Saint-Leonard-d'Aston,Quebec,46.1,-72.3667,America/Montreal
Lunenburg,Nova Scotia,44.3833,-64.3167,America/Halifax
Northesk,New Brunswick,47.2569,-66.2613,America/Moncton
Albanel,Quebec,48.8833,-72.45,America/Montreal
St. Anthony,Newfoundland and Labrador,51.3725,-55.5947,America/St_Johns
Pessamit,Quebec,49.0485,-68.6814,America/Montreal
Maskinonge,Quebec,46.2333,-73.0167,America/Montreal
Saint-Charles-de-Bellechasse,Quebec,46.7667,-70.95,America/Montreal
Fogo Island,Newfoundland and Labrador,49.6667,-54.1833,America/St_Johns
East Broughton,Quebec,46.2167,-71.0667,America/Montreal
Lantz,Nova Scotia,44.9894,-63.4736,America/Halifax
Calmar,Alberta,53.25,-113.7833,America/Edmonton
Highlands,British Columbia,48.52,-123.5,America/Vancouver
Saint-Polycarpe,Quebec,45.3,-74.3,America/Montreal
Logy Bay-Middle Cove-Outer Cove,Newfoundland and Labrador,47.63,-52.68,America/St_Johns
Deschambault,Quebec,46.6436,-72.0236,America/Montreal
Canora,Saskatchewan,51.6339,-102.4369,America/Regina
Upper Miramichi,New Brunswick,46.5254,-66.2085,America/Moncton
Anmore,British Columbia,49.3144,-122.8564,America/Vancouver
Hardwicke,New Brunswick,47.0208,-65.0302,America/Moncton
Saint-Côme,Quebec,46.27,-73.78,America/Montreal
Waskaganish,Quebec,51.3674,-78.7069,America/Montreal
Twillingate,Newfoundland and Labrador,49.6444,-54.7436,America/St_Johns
Saint-Quentin,New Brunswick,47.5135,-67.3921,America/Moncton
Lebel-sur-Quevillon,Quebec,49.05,-76.9833,America/Montreal
Pilot Butte,Saskatchewan,50.4667,-104.4167,America/Regina
Nanton,Alberta,50.3494,-113.7717,America/Edmonton
Pierreville,Quebec,46.0667,-72.8167,America/Montreal
New-Wes-Valley,Newfoundland and Labrador,49.15,-53.5833,America/St_Johns
Pennfield Ridge,New Brunswick,45.1924,-66.6858,America/Moncton
West Interlake,Manitoba,50.9837,-98.3572,America/Winnipeg
Biggar,Saskatchewan,52.059,-107.979,America/Regina
Britannia No. 502,Saskatchewan,53.4236,-109.7772,America/Edmonton
Kent,New Brunswick,46.6221,-67.2953,America/Moncton
Wabana,Newfoundland and Labrador,47.65,-52.9333,America/St_Johns
Saint-Gilles,Quebec,46.5167,-71.3667,America/Montreal
Wendake,Quebec,46.8693,-71.3628,America/Montreal
Saint-Bernard,Quebec,46.5,-71.1333,America/Montreal
Sainte-Cecile-de-Milton,Quebec,45.4833,-72.75,America/Montreal
Saint-Roch-de-Richelieu,Quebec,45.8833,-73.1667,America/Montreal
Saint-Nazaire,Quebec,48.5833,-71.5333,America/Montreal
Saint-Elzear,Quebec,46.4,-71.0667,America/Montreal
Hinchinbrooke,Quebec,45.05,-74.1,America/Montreal
Saint-François-Xavier-de-Brompton,Quebec,45.5333,-72.05,America/Montreal
Papineauville,Quebec,45.6167,-75.0167,America/Montreal
Prairie View,Manitoba,50.3304,-100.9803,America/Winnipeg
Cowichan Bay,British Columbia,48.7666,-123.6743,America/Vancouver
Saint-Ignace-de-Loyola,Quebec,46.0667,-73.1333,America/Montreal
Central Manitoulin,Ontario,45.7167,-82.2,America/Toronto
Maple Creek,Saskatchewan,49.9167,-109.4667,America/Regina
Glovertown,Newfoundland and Labrador,48.6667,-54.05,America/St_Johns
Tofield,Alberta,53.3703,-112.6667,America/Edmonton
Madoc,Ontario,44.5833,-77.5167,America/Toronto
Upton,Quebec,45.65,-72.6833,America/Montreal
Sainte-Anne-de-Sabrevois,Quebec,45.2,-73.2167,America/Montreal
Logan Lake,British Columbia,50.4911,-120.8153,America/Vancouver
Sainte-Anne-de-la-Perade,Quebec,46.5833,-72.2,America/Montreal
Saint-Damien-de-Buckland,Quebec,46.6333,-70.6667,America/Montreal
Baker Lake,Nunavut,64.3287,-96.0308,America/Rankin_Inlet
Saltair,British Columbia,48.9504,-123.7637,America/Vancouver
Pouch Cove,Newfoundland and Labrador,47.767,-52.767,America/St_Johns
Saint-Ferdinand,Quebec,46.1,-71.5667,America/Montreal
Port McNeill,British Columbia,50.5903,-127.0847,America/Vancouver
Digby,Nova Scotia,44.6222,-65.7606,America/Halifax
Manouane,Quebec,47.2091,-74.3833,America/Montreal
Saint-Gervais,Quebec,46.7167,-70.8833,America/Montreal
Neebing,Ontario,48.1833,-89.4667,America/Toronto
Redwater,Alberta,53.9489,-113.1067,America/Edmonton
Saint-Alexandre-de-Kamouraska,Quebec,47.6817,-69.625,America/Montreal
Saint-Marc-sur-Richelieu,Quebec,45.6833,-73.2,America/Montreal
Mandeville,Quebec,46.3667,-73.35,America/Montreal
Caplan,Quebec,48.1,-65.6833,America/Montreal
Point Edward,Ontario,42.9931,-82.4083,America/Toronto
Allardville,New Brunswick,47.4321,-65.4383,America/Moncton
Waterville,Quebec,45.2667,-71.9,America/Montreal
Saint-Damien,Quebec,46.33,-73.48,America/Montreal
Lac-Nominingue,Quebec,46.4,-75.0333,America/Montreal
Obedjiwan,Quebec,48.6686,-74.9289,America/Montreal
Rama,Saskatchewan,51.7578,-103.0008,America/Regina
McCreary,Manitoba,50.7494,-99.485,America/Winnipeg
Deloraine-Winchester,Manitoba,49.1775,-100.4322,America/Winnipeg
Oakland-Wawanesa,Manitoba,49.6208,-99.8481,America/Winnipeg
Brenda-Waskada,Manitoba,49.1775,-100.7019,America/Winnipeg
Russell-Binscarth,Manitoba,50.7272,-101.3689,America/Winnipeg
Ellice-Archie,Manitoba,50.3239,-101.2729,America/Winnipeg
Souris-Glenwood,Manitoba,49.6208,-100.2581,America/Winnipeg
Riverdale,Manitoba,49.975,-100.2789,America/Winnipeg
Pembina,Manitoba,49.1775,-98.5408,America/Winnipeg
Wallace-Woodworth,Manitoba,49.9156,-100.9389,America/Winnipeg
Lorne,Manitoba,49.4436,-98.7494,America/Winnipeg
Ethelbert,Manitoba,51.5364,-100.4981,America/Winnipeg
Yellowhead,Manitoba,50.4847,-100.4828,America/Winnipeg
Swan Valley West,Manitoba,51.9978,-101.3944,America/Winnipeg
Grey,Manitoba,49.7094,-98.0736,America/Winnipeg
Gilbert Plains,Manitoba,51.1547,-100.4381,America/Winnipeg
Norfolk-Treherne,Manitoba,49.6653,-98.5967,America/Winnipeg
Hamiota,Manitoba,50.1964,-100.6342,America/Winnipeg
Emerson-Franklin,Manitoba,49.1333,-97.0331,America/Winnipeg
Sifton,Manitoba,49.6653,-100.6678,America/Winnipeg
Rossburn,Manitoba,50.7272,-100.7408,America/Winnipeg
Grand View,Manitoba,51.155,-100.7892,America/Winnipeg
Grassland,Manitoba,49.4306,-100.3103,America/Winnipeg
Louise,Manitoba,49.1772,-98.8794,America/Winnipeg
Ste. Rose,Manitoba,51.0222,-99.4306,America/Winnipeg
Cartwright-Roblin,Manitoba,49.1331,-99.2797,America/Winnipeg
Mossey River,Manitoba,51.755,-99.9664,America/Winnipeg
Lakeshore,Manitoba,51.244,-99.6562,America/Winnipeg
Riding Mountain West,Manitoba,50.8347,-101.0961,America/Winnipeg
Clanwilliam-Erickson,Manitoba,50.5061,-99.8156,America/Winnipeg
Glenboro-South Cypress,Manitoba,49.665,-99.3708,America/Winnipeg
North Norfolk,Manitoba,49.9308,-98.8356,America/Winnipeg
Reinland,Manitoba,49.1331,-97.5942,America/Winnipeg
Minitonas-Bowsman,Manitoba,52.1433,-100.9772,America/Winnipeg
Kippens,Newfoundland and Labrador,48.5492,-58.6236,America/St_Johns
Blucher,Saskatchewan,52.0134,-106.2176,America/Regina
Hatley,Quebec,45.27,-71.95,America/Montreal
Saint-Gedeon,Quebec,48.5,-71.7667,America/Montreal
Kingsey Falls,Quebec,45.85,-72.0667,America/Montreal
Provost,Alberta,52.3539,-110.2686,America/Edmonton
Saint-Charles,New Brunswick,46.6692,-65.0184,America/Moncton
Mattawa,Ontario,46.3167,-78.7,America/Montreal
Tumbler Ridge,British Columbia,55.1333,-121,America/Dawson_Creek
Terrasse-Vaudreuil,Quebec,45.4,-73.9833,America/Montreal
L'Ascension-de-Notre-Seigneur,Quebec,48.7,-71.6833,America/Montreal
Bow Island,Alberta,49.8667,-111.3667,America/Edmonton
Barraute,Quebec,48.4333,-77.6333,America/Montreal
One Hundred Mile House,British Columbia,51.6413,-121.3127,America/Vancouver
Kedgwick,New Brunswick,47.6456,-67.3431,America/Moncton
Gambo,Newfoundland and Labrador,48.7833,-54.2167,America/St_Johns
Saint-Liguori,Quebec,46.0167,-73.5667,America/Montreal
Bonfield,Ontario,46.2167,-79.1333,America/Toronto
Pointe-Lebel,Quebec,49.1667,-68.2,America/Montreal
Saint Mary,New Brunswick,46.3987,-64.8681,America/Moncton
Saint-Patrice-de-Sherrington,Quebec,45.1667,-73.5167,America/Montreal
Fox Creek,Alberta,54.395,-116.8092,America/Edmonton
Dawn-Euphemia,Ontario,42.7,-82.0167,America/Toronto
Chapleau,Ontario,47.8333,-83.4,America/Toronto
Saint-Esprit,Quebec,45.9,-73.6667,America/Montreal
Westfield Beach,New Brunswick,45.3432,-66.2868,America/Moncton
Montague,Prince Edward Island,46.1652,-62.65,America/Halifax
Mashteuiatsh,Quebec,48.569,-72.2495,America/Montreal
Saint-François-du-Lac,Quebec,46.0667,-72.8333,America/Montreal
Eel River Crossing,New Brunswick,48.0125,-66.4208,America/Moncton
Saint-Fulgence,Quebec,48.45,-70.9,America/Montreal
Millet,Alberta,53.0978,-113.4728,America/Edmonton
Vallee-Jonction,Quebec,46.3667,-70.9167,America/Montreal
Saint-Georges-de-Cacouna,Quebec,47.9167,-69.5,America/Montreal
Lumsden No. 189,Saskatchewan,50.6734,-104.7686,America/Regina
Manitouwadge,Ontario,49.1333,-85.8333,America/Toronto
Wellington,Ontario,43.9579,-77.3534,America/Toronto
Swift Current No. 137,Saskatchewan,50.2211,-107.8559,America/Regina
Tofino,British Columbia,49.1275,-125.8852,America/Vancouver
Fort Qu’Appelle,Saskatchewan,50.7667,-103.7833,America/Regina
Vulcan,Alberta,50.4,-113.25,America/Edmonton
Indian Head,Saskatchewan,50.5333,-103.6667,America/Regina
Petit Rocher,New Brunswick,47.7839,-65.7159,America/Moncton
Wabush,Newfoundland and Labrador,52.9081,-66.869,America/Goose_Bay
Saint-Fabien,Quebec,48.3,-68.87,America/Montreal
Watrous,Saskatchewan,51.6841,-105.4661,America/Regina
North Frontenac,Ontario,44.95,-76.9,America/Toronto
Lac-Superieur,Quebec,46.2,-74.4667,America/Montreal
Les Escoumins,Quebec,48.35,-69.4,America/Montreal
Richibucto,New Brunswick,46.6189,-64.8385,America/Moncton
Rivière-Beaudette,Quebec,45.2333,-74.3333,America/Montreal
Saint-Barthelemy,Quebec,46.1833,-73.1333,America/Montreal
Nisga'a,British Columbia,55.1078,-129.4293,America/Vancouver
Austin,Quebec,45.1833,-72.2833,America/Montreal
Saint-Mathieu,Quebec,45.3167,-73.5164,America/Montreal
Saint-Paul-de-l'Île-aux-Noix,Quebec,45.1333,-73.2833,America/Montreal
Orkney No. 244,Saskatchewan,51.2557,-102.6469,America/Regina
Behchokò,Northwest Territories,62.8184,-115.9933,America/Yellowknife
Saint-Joseph-de-Coleraine,Quebec,45.97,-71.37,America/Montreal
Saint-Cyprien-de-Napierville,Quebec,45.1833,-73.4167,America/Montreal
Sayabec,Quebec,48.5667,-67.6833,America/Montreal
Valleyview,Alberta,55.0686,-117.2683,America/Edmonton
Deleage,Quebec,46.3833,-75.9167,America/Montreal
Potton,Quebec,45.0833,-72.3667,America/Montreal
Sainte-Beatrix,Quebec,46.2,-73.6167,America/Montreal
Sainte-Justine,Quebec,46.4,-70.35,America/Montreal
Eastman,Quebec,45.3341,-72.3041,America/Montreal
Saint-Valerien-de-Milton,Quebec,45.5667,-72.7167,America/Montreal
Saint-Cuthbert,Quebec,46.15,-73.2333,America/Montreal
Saint-Blaise-sur-Richelieu,Quebec,45.2167,-73.2833,America/Montreal
Middleton,Nova Scotia,44.9418,-65.0686,America/Halifax
Maugerville,New Brunswick,46.1301,-66.2859,America/Moncton
Dalmeny,Saskatchewan,52.3411,-106.7733,America/Regina
Kamsack,Saskatchewan,51.565,-101.8947,America/Regina
Lumsden,Saskatchewan,50.6463,-104.8676,America/Regina
Trinity Bay North,Newfoundland and Labrador,48.4978,-53.086,America/St_Johns
Saint-Michel-de-Bellechasse,Quebec,46.8667,-70.9167,America/Montreal
Sainte-Angèle-de-Monnoir,Quebec,45.3833,-73.1,America/Montreal
Picture Butte,Alberta,49.8731,-112.78,America/Edmonton
Sacre-Coeur-Saguenay,Quebec,48.2479,-69.854,America/Montreal
Saint-Louis,New Brunswick,46.7048,-65.1046,America/Moncton
Victoria,Newfoundland and Labrador,47.7675,-53.2411,America/St_Johns
Saint-Robert,Quebec,45.9667,-73,America/Montreal
Armstrong,Manitoba,50.64,-97.495,America/Winnipeg
Saint-Pierre-de-l'Île-d'Orleans,Quebec,46.8833,-71.0667,America/Montreal
La Guadeloupe,Quebec,45.95,-70.93,America/Montreal
Saint Andrews,New Brunswick,45.074,-67.0521,America/Moncton
Burns Lake,British Columbia,54.2292,-125.7625,America/Vancouver
Povungnituk,Quebec,60.0477,-77.2751,America/Montreal
Manners Sutton,New Brunswick,45.6417,-67.0609,America/Moncton
Gore,Quebec,45.77,-74.25,America/Montreal
Deseronto,Ontario,44.2,-77.05,America/Toronto
Lamont,Alberta,53.7603,-112.7778,America/Edmonton
Chambord,Quebec,48.4333,-72.0667,America/Montreal
Dudswell,Quebec,45.5833,-71.5833,America/Montreal
Wynyard,Saskatchewan,51.7667,-104.1833,America/Regina
Cambridge Bay,Nunavut,69.1528,-105.1707,America/Cambridge_Bay
Saint-Narcisse,Quebec,46.5667,-72.4667,America/Montreal
Frontenac Islands,Ontario,44.2,-76.3833,America/Toronto
Waswanipi,Quebec,49.7883,-75.9544,America/Montreal
Inukjuak,Quebec,58.4824,-78.1309,America/Montreal
Piney,Manitoba,49.2069,-95.8333,America/Winnipeg
Komoka,Ontario,42.958,-81.4001,America/Toronto
Saint-Zacharie,Quebec,46.1333,-70.3667,America/Montreal
Hemmingford,Quebec,45.0833,-73.5833,America/Montreal
Shelburne,Nova Scotia,43.7633,-65.3236,America/Halifax
Saint-Clet,Quebec,45.35,-74.22,America/Montreal
Carberry,Manitoba,49.8689,-99.3594,America/Winnipeg
Brighton,New Brunswick,46.3316,-67.3585,America/Moncton
Saint-Antoine,New Brunswick,46.3629,-64.753,America/Moncton
Warfield,British Columbia,49.0953,-117.7344,America/Vancouver
Northampton,New Brunswick,46.1313,-67.4713,America/Moncton
Saint-Ours,Quebec,45.8833,-73.15,America/Montreal
Stephenville Crossing,Newfoundland and Labrador,48.5167,-58.4167,America/St_Johns
Sainte-Anne-de-la-Pocatière,Quebec,47.35,-70,America/Montreal
Ucluelet,British Columbia,48.9358,-125.5433,America/Vancouver
Saint-Placide,Quebec,45.5333,-74.2,America/Montreal
Barrière,British Columbia,51.1803,-120.1261,America/Vancouver
Fisher,Manitoba,51.0825,-97.6611,America/Winnipeg
Nipissing,Ontario,46.05,-79.55,America/Toronto
Sainte-Clotilde,Quebec,45.15,-73.6833,America/Montreal
Shaunavon,Saskatchewan,49.651,-108.412,America/Regina
Wicklow,New Brunswick,46.5017,-67.7067,America/Moncton
Southesk,New Brunswick,46.9901,-66.4336,America/Moncton
Nouvelle,Quebec,48.1333,-66.3167,America/Montreal
Rosthern,Saskatchewan,52.65,-106.3333,America/Regina
Yamaska,Quebec,46.0236,-72.9391,America/Montreal
Neguac,New Brunswick,47.2333,-65.05,America/Moncton
Flat Rock,Newfoundland and Labrador,47.7086,-52.7144,America/St_Johns
Igloolik,Nunavut,69.3817,-81.6811,America/Iqaluit
Grunthal,Manitoba,49.4065,-96.8603,America/Winnipeg
Naramata,British Columbia,49.5886,-119.5838,America/Vancouver
Saint-elie-de-Caxton,Quebec,46.4833,-72.9667,America/Montreal
Blumenort,Manitoba,49.6033,-96.7006,America/Winnipeg
Balmoral,New Brunswick,47.9667,-66.45,America/Moncton
Price,Quebec,48.6017,-68.1227,America/Montreal
Rosedale,Manitoba,50.4397,-99.5389,America/Winnipeg
Saint-Jacques-le-Mineur,Quebec,45.2833,-73.4167,America/Montreal
Huron Shores,Ontario,46.2833,-83.2,America/Toronto
Champlain,Quebec,46.45,-72.35,America/Montreal
Whitehead,Manitoba,49.7981,-100.2575,America/Winnipeg
Saint-Antoine-sur-Richelieu,Quebec,45.7833,-73.1833,America/Montreal
Saint-Pacôme,Quebec,47.4,-69.95,America/Montreal
Saint-Stanislas-de-Kostka,Quebec,45.18,-74.13,America/Montreal
Frontenac,Quebec,45.58,-70.83,America/Montreal
Stuartburn,Manitoba,49.1331,-96.5158,America/Winnipeg
Yamaska-Est,Quebec,46,-72.92,America/Montreal
Sainte-emelie-de-l'energie,Quebec,46.3167,-73.65,America/Montreal
Saint-Charles-sur-Richelieu,Quebec,45.6833,-73.1833,America/Montreal
Saint-Joseph-de-Sorel,Quebec,46.0446,-73.1308,America/Montreal
Nipigon,Ontario,49.0153,-88.2683,America/Nipigon
Rivière-Blanche,Quebec,48.7833,-67.7,America/Montreal
Sainte-Helène-de-Bagot,Quebec,45.7333,-72.7333,America/Montreal
Franklin Centre,Quebec,45.0467,-73.9005,America/Montreal
Harbour Breton,Newfoundland and Labrador,47.4833,-55.8333,America/St_Johns
Massey Drive,Newfoundland and Labrador,48.9372,-57.9,America/St_Johns
Mille-Isles,Quebec,45.82,-74.22,America/Montreal
Wilton No. 472,Saskatchewan,53.124,-109.7885,America/Edmonton
Lyster,Quebec,46.3667,-71.6167,America/Montreal
Oakview,Manitoba,50.1964,-100.2167,America/Winnipeg
Balgonie,Saskatchewan,50.488,-104.269,America/Regina
Harrison Park,Manitoba,50.5563,-100.1674,America/Winnipeg
Kensington,Prince Edward Island,46.4333,-63.65,America/Halifax
Witless Bay,Newfoundland and Labrador,47.28,-52.83,America/St_Johns
Pond Inlet,Nunavut,72.6808,-77.7503,America/Iqaluit
Royston,British Columbia,49.6405,-124.9406,America/Vancouver
Sainte-Clotilde-de-Horton,Quebec,45.9833,-72.2333,America/Montreal
Burford,Ontario,43.1036,-80.424,America/Toronto
Fossambault-sur-le-Lac,Quebec,46.8667,-71.6167,America/Montreal
Saint-Benoît-Labre,Quebec,46.0667,-70.8,America/Montreal
Coombs,British Columbia,49.3008,-124.4049,America/Vancouver
Terrace Bay,Ontario,48.8,-87.1,America/Toronto
Chapais,Quebec,49.7819,-74.8544,America/Montreal
Saint-Honore-de-Shenley,Quebec,45.9667,-70.8333,America/Montreal
Cleveland,Quebec,45.67,-72.08,America/Montreal
"Macdonald, Meredith and Aberdeen Additional",Ontario,46.4833,-84.0667,America/Toronto
Messines,Quebec,46.2333,-76.0167,America/Montreal
Saint-Jean-de-Dieu,Quebec,48,-69.05,America/Montreal
Nakusp,British Columbia,50.2434,-117.8002,America/Vancouver
Florenceville,New Brunswick,46.4435,-67.6152,America/Moncton
Saint-Antoine-de-Tilly,Quebec,46.6667,-71.5833,America/Montreal
Lakeview,British Columbia,49.9026,-119.5699,America/Vancouver
Humbermouth,Newfoundland and Labrador,49.0156,-58.1678,America/St_Johns
Fort St. James,British Columbia,54.4431,-124.2542,America/Vancouver
Saint-François-de-la-Rivière-du-Sud,Quebec,46.8833,-70.7167,America/Montreal
Saint-Jacques,New Brunswick,47.5634,-68.3693,America/Moncton
Uashat,Quebec,50.233,-66.3947,America/Montreal
Perth,New Brunswick,46.7393,-67.6984,America/Moncton
Eeyou Istchee Baie-James,Quebec,52.3382,-75.1977,America/Montreal
Shellbrook No. 493,Saskatchewan,53.3545,-106.2553,America/Regina
Shawville,Quebec,45.6,-76.4833,America/Montreal
Saint-Lucien,Quebec,45.8667,-72.2667,America/Montreal
Lambton,Quebec,45.83,-71.08,America/Montreal
Saint-Laurent-de-l'Île-d'Orleans,Quebec,46.8667,-71.0167,America/Montreal
Saint-Flavien,Quebec,46.5167,-71.6,America/Montreal
Grenville,Quebec,45.6333,-74.6,America/Montreal
Chute-aux-Outardes,Quebec,49.1167,-68.4,America/Montreal
Sainte-Marcelline-de-Kildare,Quebec,46.1167,-73.6,America/Montreal
Saint-Felix-de-Kingsey,Quebec,45.8,-72.1833,America/Montreal
Upper Island Cove,Newfoundland and Labrador,47.6472,-53.2233,America/St_Johns
Glenelg,New Brunswick,46.9455,-65.2893,America/Moncton
Sainte-elisabeth,Quebec,46.0833,-73.35,America/Montreal
Ashcroft,British Columbia,50.7256,-121.2806,America/Vancouver
Clarkes Beach,Newfoundland and Labrador,47.5447,-53.2824,America/St_Johns
Saint-Bernard-de-Lacolle,Quebec,45.0833,-73.4167,America/Montreal
Belledune,New Brunswick,47.9,-65.8167,America/Moncton
Saint-Guillaume,Quebec,45.8833,-72.7667,America/Montreal
Venise-en-Quebec,Quebec,45.0833,-73.1333,America/Montreal
Maliotenam,Quebec,50.2114,-66.1911,America/Montreal
Ripon,Quebec,45.7833,-75.1,America/Montreal
Hilliers,British Columbia,49.3022,-124.4727,America/Vancouver
Saint-Joseph,New Brunswick,47.558,-68.3082,America/Moncton
Saint-Paulin,Quebec,46.4167,-73.0333,America/Montreal
Bon Accord,Alberta,53.8328,-113.4189,America/Edmonton
Saint David,New Brunswick,45.2918,-67.1983,America/Moncton
Saint-Albert,Quebec,46,-72.0833,America/Montreal
Matagami,Quebec,49.75,-77.6333,America/Montreal
Springfield,New Brunswick,45.7005,-65.8079,America/Moncton
Amherst,Quebec,46.05,-74.7667,America/Montreal
Notre-Dame-du-Laus,Quebec,46.0833,-75.6167,America/Montreal
St. George,New Brunswick,45.1333,-66.8167,America/Moncton
Wembley,Alberta,55.1572,-119.1392,America/Edmonton
Victoria,Manitoba,49.6644,-98.9153,America/Winnipeg
Springbrook,Alberta,52.1796,-113.885,America/Edmonton
Saint-Tite-des-Caps,Quebec,47.1333,-70.7667,America/Montreal
Hudson Bay,Saskatchewan,52.851,-102.392,America/Regina
Pinawa,Manitoba,50.1707,-95.9547,America/Winnipeg
"Brudenell, Lyndoch and Raglan",Ontario,45.3167,-77.4,America/Toronto
Carlyle,Saskatchewan,49.6333,-102.2667,America/Regina
Keremeos,British Columbia,49.2025,-119.8294,America/Vancouver
Val-Joli,Quebec,45.6,-71.97,America/Montreal
Gold River,British Columbia,49.7769,-126.0514,America/Vancouver
Saint-Casimir,Quebec,46.65,-72.1333,America/Montreal
Bay Bulls,Newfoundland and Labrador,47.3158,-52.8103,America/St_Johns
Langham,Saskatchewan,52.3667,-106.9667,America/Regina
Frenchman Butte,Saskatchewan,53.6052,-109.4298,America/Regina
Gordon,New Brunswick,46.8363,-67.1913,America/Moncton
Kugluktuk,Nunavut,67.8055,-115.3223,America/Cambridge_Bay
Saint-Malachie,Quebec,46.5333,-70.7667,America/Montreal
Southampton,New Brunswick,46.0789,-67.3124,America/Moncton
Salluit,Quebec,62.2013,-75.6337,America/Montreal
Pangnirtung,Nunavut,66.1436,-65.6829,America/Pangnirtung
Saint-Louis-de-Gonzague,Quebec,45.2,-73.98,America/Montreal
Moosonee,Ontario,51.2722,-80.6431,America/Toronto
Englehart,Ontario,47.8167,-79.8667,America/Toronto
Saint-Urbain,Quebec,47.55,-70.5333,America/Montreal
Tring-Jonction,Quebec,46.2667,-70.9833,America/Montreal
Nauwigewauk,New Brunswick,45.4812,-65.8738,America/Moncton
Pointe-à-la-Croix,Quebec,48.0167,-66.6833,America/Moncton
Denmark,New Brunswick,47.1155,-67.4771,America/Moncton
Saint-Joachim,Quebec,47.05,-70.85,America/Montreal
Torch River No. 488,Saskatchewan,53.5445,-104.4619,America/Regina
Saint-Theodore-d'Acton,Quebec,45.6833,-72.5833,America/Montreal
Grindrod,British Columbia,50.63,-119.1314,America/Vancouver
L’ Îsle-Verte,Quebec,48.0167,-69.3333,America/Montreal
Harrison Hot Springs,British Columbia,49.3,-121.7819,America/Vancouver
Palmarolle,Quebec,48.6667,-79.2,America/Montreal
Henryville,Quebec,45.1333,-73.1833,America/Montreal
Sussex Corner,New Brunswick,45.7122,-65.4719,America/Moncton
Saint-Odilon-de-Cranbourne,Quebec,46.3667,-70.6833,America/Montreal
Pipestone,Manitoba,49.6653,-101.1444,America/Winnipeg
Laurierville,Quebec,46.3,-71.65,America/Montreal
La Dore,Quebec,48.72,-72.65,America/Montreal
Lac-au-Saumon,Quebec,48.4167,-67.35,America/Montreal
Wotton,Quebec,45.7333,-71.8,America/Montreal
Prairie Lakes,Manitoba,49.4034,-99.6298,America/Winnipeg
Elk Point,Alberta,53.8967,-110.8972,America/Edmonton
Shellbrook,Saskatchewan,53.2167,-106.4,America/Regina
Wemindji,Quebec,53.044,-78.7384,America/Montreal
Cape Dorset,Nunavut,64.2237,-76.5405,America/Iqaluit
Strong,Ontario,45.75,-79.4,America/Toronto
Lappe,Ontario,48.5693,-89.3573,America/Toronto
Rivière-Heva,Quebec,48.2333,-78.2167,America/Montreal
Fort-Coulonge,Quebec,45.85,-76.7333,America/Montreal
Irishtown-Summerside,Newfoundland and Labrador,48.9833,-57.95,America/St_Johns
Godmanchester,Quebec,45.08,-74.25,America/Montreal
Macklin,Saskatchewan,52.33,-109.94,America/Regina
Armour,Ontario,45.6289,-79.3436,America/Toronto
Saint-Simon,Quebec,45.719,-72.8463,America/Montreal
St. François Xavier,Manitoba,49.9903,-97.6722,America/Winnipeg
Tingwick,Quebec,45.8873,-71.9244,America/Montreal
Saint-Aubert,Quebec,47.1833,-70.2167,America/Montreal
Saint-Mathieu-du-Parc,Quebec,46.5667,-72.9167,America/Montreal
Wabasca,Alberta,55.9855,-113.8566,America/Edmonton
Ragueneau,Quebec,49.0667,-68.5333,America/Montreal
Notre-Dame-du-Bon-Conseil,Quebec,46,-72.35,America/Montreal
Wasagamack,Manitoba,53.9056,-94.9412,America/Winnipeg
Saint-Ubalde,Quebec,46.75,-72.2667,America/Montreal
Creighton,Saskatchewan,54.7561,-101.8973,America/Winnipeg
Fortune,Newfoundland and Labrador,47.0733,-55.8217,America/St_Johns
Faraday,Ontario,45,-77.9167,America/Toronto
Berthier-sur-Mer,Quebec,46.9167,-70.7333,America/Montreal
Frampton,Quebec,46.4667,-70.8,America/Montreal
Magnetawan,Ontario,45.6667,-79.6333,America/Toronto
New Carlisle,Quebec,48.0167,-65.3333,America/Montreal
Laird No. 404,Saskatchewan,52.5696,-106.7312,America/Regina
Petitcodiac,New Brunswick,45.9333,-65.1667,America/Moncton
Popkum,British Columbia,49.1911,-121.7553,America/Vancouver
Norton,New Brunswick,45.6387,-65.6955,America/Moncton
Canwood No. 494,Saskatchewan,53.4574,-106.7768,America/Regina
Wentworth-Nord,Quebec,45.85,-74.45,America/Montreal
Bas Caraquet,New Brunswick,47.8,-64.8333,America/Moncton
Sainte-Ursule,Quebec,46.2833,-73.0333,America/Montreal
Dawson,Yukon,64.0464,-139.3893,America/Whitehorse
Nantes,Quebec,45.6333,-71.0333,America/Montreal
Lac-aux-Sables,Quebec,46.8667,-72.4,America/Montreal
Stewiacke,Nova Scotia,45.1422,-63.3483,America/Halifax
Taylor,British Columbia,56.159,-120.6878,America/Dawson_Creek
Rosser,Manitoba,49.99,-97.4592,America/Winnipeg
Estevan No. 5,Saskatchewan,49.1308,-103.0126,America/Regina
Falmouth,Nova Scotia,44.9967,-64.1634,America/Halifax
Vaudreuil-sur-le-Lac,Quebec,45.4,-74.0333,America/Montreal
Grahamdale,Manitoba,51.42,-98.3733,America/Winnipeg
Cardwell,New Brunswick,45.7848,-65.3037,America/Moncton
Two Hills,Alberta,53.715,-111.7461,America/Edmonton
Spiritwood No. 496,Saskatchewan,53.4435,-107.4495,America/Regina
Legal,Alberta,53.9492,-113.595,America/Edmonton
Amulet,Quebec,48.2938,-79.0274,America/Montreal
Herouxville,Quebec,46.6667,-72.6167,America/Montreal
Pointe-des-Cascades,Quebec,45.3333,-73.9667,America/Montreal
Weldford,New Brunswick,46.5221,-65.1114,America/Moncton
Reynolds,Manitoba,49.7678,-95.8842,America/Winnipeg
St. Laurent,Manitoba,50.43,-97.7933,America/Winnipeg
Lions Bay,British Columbia,49.4581,-123.2369,America/Vancouver
L'Isle-aux-Allumettes,Quebec,45.8667,-77.0667,America/Montreal
Emo,Ontario,48.6333,-93.8333,America/Winnipeg
Sainte-Brigide-d'Iberville,Quebec,45.3167,-73.0667,America/Montreal
Les eboulements,Quebec,47.4833,-70.3167,America/Montreal
Dunsmuir,British Columbia,49.3696,-124.5772,America/Vancouver
Pointe-aux-Outardes,Quebec,49.05,-68.4333,America/Montreal
Smooth Rock Falls,Ontario,49.2833,-81.6333,America/Toronto
Oxbow,Saskatchewan,49.2333,-102.1667,America/Regina
Telkwa,British Columbia,54.6972,-127.05,America/Vancouver
Gjoa Haven,Nunavut,68.6448,-95.8912,America/Cambridge_Bay
Sainte-Barbe,Quebec,45.1667,-74.2,America/Montreal
Mayerthorpe,Alberta,53.9503,-115.1336,America/Edmonton
Saint-Louis-du-Ha! Ha!,Quebec,47.67,-68.98,America/Montreal
Powerview-Pine Falls,Manitoba,50.5661,-96.1981,America/Winnipeg
Baie Verte,Newfoundland and Labrador,49.9167,-56.1833,America/St_Johns
Saint-edouard,Quebec,45.2333,-73.5167,America/Montreal
Charlo,New Brunswick,48,-66.32,America/Moncton
Hillsborough,New Brunswick,45.9052,-64.7652,America/Moncton
Bruederheim,Alberta,53.8042,-112.9278,America/Edmonton
Burgeo,Newfoundland and Labrador,47.6,-57.6333,America/St_Johns
Wadena,Saskatchewan,51.9458,-103.8014,America/Regina
Richmond,New Brunswick,46.0776,-67.7248,America/Moncton
Swan Hills,Alberta,54.7106,-115.4133,America/Edmonton
Wilkie,Saskatchewan,52.4167,-108.7,America/Regina
Saint-Leonard,New Brunswick,47.1625,-67.925,America/Moncton
Rivière-Bleue,Quebec,47.4333,-69.05,America/Montreal
Noyan,Quebec,45.0667,-73.3,America/Montreal
Ile-à-la-Crosse,Saskatchewan,55.45,-107.8833,America/Regina
Landmark,Manitoba,49.6711,-96.8179,America/Winnipeg
Saint-Hugues,Quebec,45.8,-72.8667,America/Montreal
Chisholm,Ontario,46.1,-79.2333,America/Toronto
Sainte-Anne-du-Sault,Quebec,46.1733,-72.1415,America/Montreal
La Conception,Quebec,46.15,-74.7,America/Montreal
Saint-Valère,Quebec,46.0667,-72.1,America/Montreal
Sorrento,British Columbia,50.8832,-119.4782,America/Vancouver
Lamèque,New Brunswick,47.7925,-64.6532,America/Moncton
Thessalon,Ontario,46.25,-83.55,America/Toronto
L'Isle-aux-Coudres,Quebec,47.4,-70.3833,America/Montreal
Nobleford,Alberta,49.8822,-113.0531,America/Edmonton
Larouche,Quebec,48.45,-71.5167,America/Montreal
South Qu'Appelle No. 157,Saskatchewan,50.5389,-104.0141,America/Regina
Elton,Manitoba,49.975,-99.8658,America/Winnipeg
Lorrainville,Quebec,47.3613,-79.3382,America/Montreal
Conestogo,Ontario,43.5441,-80.4997,America/Toronto
Upham,New Brunswick,45.5083,-65.6618,America/Moncton
St.-Charles,Ontario,46.3422,-80.4497,America/Toronto
Sainte-Lucie-des-Laurentides,Quebec,46.13,-74.18,America/Montreal
Saint-Alexis,Quebec,45.9333,-73.6167,America/Montreal
Gillam,Manitoba,56.3472,-94.7078,America/Winnipeg
Roxton Falls,Quebec,45.5667,-72.5167,America/Montreal
Montcalm,Manitoba,49.1775,-97.3247,America/Winnipeg
Clarendon,Quebec,45.65,-76.5167,America/Montreal
Mervin No. 499,Saskatchewan,53.5455,-108.8762,America/Regina
Saint-Ludger,Quebec,45.75,-70.7,America/Montreal
Coldwell,Manitoba,50.6389,-98.0417,America/Winnipeg
Saint-Arsène,Quebec,47.9167,-69.4333,America/Montreal
Racine,Quebec,45.5,-72.25,America/Montreal
Saint-Majorique-de-Grantham,Quebec,45.9333,-72.5833,America/Montreal
Saint-Zenon,Quebec,46.55,-73.8167,America/Montreal
Saint-Armand,Quebec,45.0333,-73.05,America/Montreal
Saint-edouard-de-Lotbinière,Quebec,46.5667,-71.8333,America/Montreal
Alonsa,Manitoba,50.9794,-99.0796,America/Winnipeg
Listuguj,Quebec,48.0609,-66.7491,America/Montreal
Bowden,Alberta,51.9306,-114.0256,America/Edmonton
St. Joseph,Ontario,46.2667,-84,America/Toronto
Osler,Saskatchewan,52.37,-106.54,America/Regina
Saint-Hubert-de-Rivière-du-Loup,Quebec,47.8167,-69.15,America/Montreal
Saint-Jude,Quebec,45.7667,-72.9833,America/Montreal
Dildo,Newfoundland and Labrador,47.5685,-53.5471,America/St_Johns
La Minerve,Quebec,46.25,-74.9333,America/Montreal
Lanigan,Saskatchewan,51.85,-105.0333,America/Regina
Lajord No. 128,Saskatchewan,50.1965,-104.2507,America/Regina
Moonbeam,Ontario,49.35,-82.15,America/Toronto
Notre-Dame-des-Pins,Quebec,46.1833,-70.7167,America/Montreal
Saint-Alban,Quebec,46.7167,-72.0833,America/Montreal
Saint-Pierre-les-Becquets,Quebec,46.5,-72.2,America/Montreal
Arborg,Manitoba,50.9075,-97.2182,America/Winnipeg
Vauxhall,Alberta,50.0689,-112.0975,America/Edmonton
Bayfield,Ontario,43.5615,-81.6983,America/Toronto
Beaver River,Saskatchewan,54.3531,-109.5575,America/Regina
Irricana,Alberta,51.3189,-113.6106,America/Edmonton
Labrecque,Quebec,48.6667,-71.5333,America/Montreal
New Bandon,New Brunswick,47.6912,-65.29,America/Moncton
Wemotaci,Quebec,47.9219,-73.7872,America/Montreal
Sainte-Henedine,Quebec,46.55,-70.9833,America/Montreal
L'Anse-Saint-Jean,Quebec,48.2333,-70.2,America/Montreal
Bassano,Alberta,50.7833,-112.4667,America/Edmonton
Parrsboro,Nova Scotia,45.3998,-64.3312,America/Halifax
Kaleden,British Columbia,49.3926,-119.5955,America/Vancouver
St. George's,Newfoundland and Labrador,48.4275,-58.4778,America/St_Johns
Fort Simpson,Northwest Territories,61.8082,-121.3199,America/Yellowknife
Akwesasne,Quebec,45.0155,-74.5769,America/Montreal
L’Avenir,Quebec,45.7667,-72.3,America/Montreal
Ignace,Ontario,49.4167,-91.6667,America/Winnipeg
Claremont,Ontario,43.9741,-79.1316,America/Toronto
Teulon,Manitoba,50.3858,-97.2611,America/Winnipeg
Peel,New Brunswick,46.4058,-67.5278,America/Moncton
Musquash,New Brunswick,45.1836,-66.3514,America/Moncton
Notre-Dame-du-Portage,Quebec,47.7667,-69.6167,America/Montreal
St. Lawrence,Newfoundland and Labrador,46.9244,-55.3928,America/St_Johns
Oxford,Nova Scotia,45.7306,-63.8733,America/Halifax
Minto-Odanah,Manitoba,50.2406,-99.8056,America/Winnipeg
St. Alban's,Newfoundland and Labrador,47.8753,-55.8414,America/St_Johns
Saint James,New Brunswick,45.3822,-67.3427,America/Moncton
Saint-Norbert-d'Arthabaska,Quebec,46.1,-71.8167,America/Montreal
Manning,Alberta,56.9142,-117.6272,America/Edmonton
Glenella-Lansdowne,Manitoba,50.4163,-99.2097,America/Winnipeg
Saint-Hilarion,Quebec,47.5667,-70.4,America/Montreal
Saint-Simeon,Quebec,48.0667,-65.5667,America/Montreal
Saint-Barnabe,Quebec,46.4,-72.8833,America/Montreal
Sainte-Felicite,Quebec,48.9,-67.3333,America/Montreal
Two Borders,Manitoba,49.2668,-101.1124,America/Winnipeg
Queensbury,New Brunswick,45.9918,-67.0632,America/Moncton
Bury,Quebec,45.4667,-71.5,America/Montreal
Lac-Bouchette,Quebec,48.25,-72.18,America/Montreal
Saint-Lazare-de-Bellechasse,Quebec,46.65,-70.8,America/Montreal
Saint-Michel-du-Squatec,Quebec,47.88,-68.72,America/Montreal
Saint-Joachim-de-Shefford,Quebec,45.45,-72.5333,America/Montreal
St-Pierre-Jolys,Manitoba,49.4403,-96.9844,America/Winnipeg
Grand-Remous,Quebec,46.6167,-75.9,America/Montreal
Saint-Gabriel-de-Rimouski,Quebec,48.4209,-68.1791,America/Montreal
Armstrong,Ontario,47.7083,-79.825,America/Toronto
Rogersville,New Brunswick,46.7167,-65.4167,America/Moncton
Langenburg,Saskatchewan,50.8333,-101.7,America/Regina
Sainte-Marie-Salome,Quebec,45.9333,-73.5,America/Montreal
Moose Jaw No. 161,Saskatchewan,50.4433,-105.5091,America/Regina
Saint-Cyprien,Quebec,47.9,-69.0167,America/Montreal
Maidstone,Saskatchewan,53.092,-109.294,America/Edmonton
Très-Saint-Sacrement,Quebec,45.1833,-73.85,America/Montreal
Battle River No. 438,Saskatchewan,52.7343,-108.4452,America/Regina
Miltonvale Park,Prince Edward Island,46.318,-63.237,America/Halifax
McAdam,New Brunswick,45.5944,-67.3258,America/Moncton
Saints-Anges,Quebec,46.4167,-70.8833,America/Montreal
Saint-Urbain-Premier,Quebec,45.22,-73.73,America/Montreal
Centreville-Wareham-Trinity,Newfoundland and Labrador,48.9879,-53.9069,America/St_Johns
Alberton,Prince Edward Island,46.8167,-64.0667,America/Halifax
Winnipeg Beach,Manitoba,50.5058,-96.9742,America/Winnipeg
Sainte-Agathe-de-Lotbinière,Quebec,46.3833,-71.4167,America/Montreal
Salmo,British Columbia,49.1942,-117.2778,America/Vancouver
Kipling,Saskatchewan,50.1015,-102.6324,America/Regina
Sagamok,Ontario,46.1529,-82.2072,America/Toronto
Trecesson,Quebec,48.65,-78.3167,America/Montreal
Tara,Ontario,44.4793,-81.1445,America/Toronto
Grande-Vallee,Quebec,49.2167,-65.1333,America/Montreal
Bertrand,New Brunswick,47.7622,-65.0686,America/Moncton
Newcastle,New Brunswick,47.1725,-65.5551,America/Moncton
Mont-Carmel,Quebec,47.4397,-69.8586,America/Montreal
Saint Martins,New Brunswick,45.4563,-65.4395,America/Moncton
Saint-Eugène,Quebec,45.8,-72.7,America/Montreal
Notre-Dame-des-Neiges,Quebec,48.1167,-69.1667,America/Montreal
Saint-Andre,New Brunswick,47.1392,-67.7444,America/Moncton
Centreville,Nova Scotia,45.13,-64.5224,America/Halifax
Roland,Manitoba,49.3547,-97.8997,America/Winnipeg
Saint-Leon-de-Standon,Quebec,46.4833,-70.6167,America/Montreal
Saint-Modeste,Quebec,47.8333,-69.4,America/Montreal
Carnduff,Saskatchewan,49.167,-101.783,America/Regina
Carling,Ontario,45.4333,-80.2167,America/Toronto
Eckville,Alberta,52.3622,-114.3614,America/Edmonton
Nain,Newfoundland and Labrador,56.5422,-61.6928,America/Goose_Bay
Hillsburgh,Ontario,43.7914,-80.1354,America/Toronto
Foam Lake,Saskatchewan,51.65,-103.5333,America/Regina
Sainte-Sabine,Quebec,45.2333,-73.0167,America/Montreal
Saint-Maxime-du-Mont-Louis,Quebec,49.2333,-65.7333,America/Montreal
Blanc-Sablon,Quebec,51.4167,-57.1333,America/Blanc-Sablon
Cobalt,Ontario,47.4,-79.6833,America/Toronto
Gravelbourg,Saskatchewan,49.874,-106.555,America/Regina
South River,Ontario,45.8417,-79.375,America/Toronto
Hudson Bay No. 394,Saskatchewan,53.0295,-102.3122,America/Regina
McKellar,Ontario,45.4833,-79.85,America/Toronto
Frelighsburg,Quebec,45.0461,-72.8106,America/Montreal
Buffalo Narrows,Saskatchewan,55.8769,-108.5244,America/Regina
Ayer’s Cliff,Quebec,45.1667,-72.05,America/Montreal
Les Mechins,Quebec,49,-66.9833,America/Montreal
Sainte-Marguerite,Quebec,46.5167,-70.9333,America/Montreal
Saint-Claude,Quebec,45.6667,-71.9833,America/Montreal
Air Ronge,Saskatchewan,55.0872,-105.3318,America/Regina
Chipman,New Brunswick,46.171,-65.884,America/Moncton
Girardville,Quebec,49,-72.55,America/Montreal
Saint-Bruno-de-Guigues,Quebec,47.4667,-79.4333,America/Montreal
Grenfell,Saskatchewan,50.4167,-102.9167,America/Regina
Dorchester,New Brunswick,45.9016,-64.5161,America/Moncton
South Algonquin,Ontario,45.4967,-78.0239,America/Toronto
Windermere,British Columbia,50.4856,-115.9948,America/Edmonton
Saint-Narcisse-de-Beaurivage,Quebec,46.4833,-71.2333,America/Montreal
Saint-Rene-de-Matane,Quebec,48.7,-67.3833,America/Montreal
Sainte-Jeanne-d'Arc,Quebec,48.8575,-72.0939,America/Montreal
Plaisance,Quebec,45.6167,-75.1167,America/Montreal
Roxton-Sud,Quebec,45.5521,-72.5265,America/Montreal
St. Louis No. 431,Saskatchewan,52.8277,-105.7873,America/Regina
Youbou,British Columbia,48.8562,-124.1731,America/Vancouver
Duchess,Alberta,50.7333,-111.9,America/Edmonton
Saint-Frederic,Quebec,46.3,-70.9667,America/Montreal
Viking,Alberta,53.0953,-111.7769,America/Edmonton
Sioux Narrows-Nestor Falls,Ontario,49.4,-94.08,America/Winnipeg
Whitecourt,Alberta,54.1417,-115.6833,America/Edmonton
Repulse Bay,Nunavut,66.5628,-86.3186,America/Rankin_Inlet
Montreal-Est,Quebec,45.63,-73.52,America/Montreal
King,Ontario,44.0463,-79.6044,America/Toronto
Regina Beach,Saskatchewan,50.79,-104.99,America/Regina
Saint-Patrice-de-Beaurivage,Quebec,46.4167,-71.2333,America/Montreal
Ootischenia,British Columbia,49.2916,-117.6323,America/Vancouver
Hensall,Ontario,43.4345,-81.504,America/Toronto
Bentley,Alberta,52.4667,-114.05,America/Edmonton
Durham,New Brunswick,47.7631,-66.0849,America/Moncton
Sainte-Marthe,Quebec,45.4,-74.3,America/Montreal
Notre-Dame-du-Nord,Quebec,47.6,-79.4833,America/Montreal
Pinehouse,Saskatchewan,55.5136,-106.5986,America/Regina
Saint-Aime-des-Lacs,Quebec,47.6833,-70.3,America/Montreal
Lac-Drolet,Quebec,45.72,-70.85,America/Montreal
Preeceville,Saskatchewan,51.958,-102.6673,America/Regina
Maple Creek No. 111,Saskatchewan,49.8044,-109.6508,America/Regina
Harbour Main-Chapel's Cove-Lakeview,Newfoundland and Labrador,47.4337,-53.1458,America/St_Johns
Saint-Wenceslas,Quebec,46.1667,-72.3333,America/Montreal
Weyburn No. 67,Saskatchewan,49.6535,-103.8348,America/Regina
Birch Hills,Saskatchewan,52.9833,-105.4333,America/Regina
Wedgeport,Nova Scotia,43.7323,-65.9797,America/Halifax
Kerrobert,Saskatchewan,51.92,-109.1272,America/Regina
Havelock,New Brunswick,45.9523,-65.3885,America/Moncton
Eston,Saskatchewan,51.15,-108.75,America/Regina
Sainte-Geneviève-de-Batiscan,Quebec,46.5333,-72.3333,America/Montreal
Saint-Justin,Quebec,46.25,-73.0833,America/Montreal
Saint-Norbert,Quebec,46.1667,-73.3167,America/Montreal
Schreiber,Ontario,48.8167,-87.2667,America/Toronto
Trochu,Alberta,51.8236,-113.2328,America/Edmonton
Botsford,New Brunswick,46.1145,-63.9804,America/Moncton
Riviere-Ouelle,Quebec,47.4333,-70.0167,America/Montreal
Greenwich,New Brunswick,45.5112,-66.1229,America/Moncton
Stukely-Sud,Quebec,45.3167,-72.4167,America/Montreal
Saint-Georges-de-Clarenceville,Quebec,45.0667,-73.25,America/Montreal
Sainte-Therèse-de-Gaspe,Quebec,48.4167,-64.4167,America/Montreal
Beachburg,Ontario,45.7303,-76.8559,America/Toronto
Desbiens,Quebec,48.4167,-71.95,America/Montreal
Clyde River,Nunavut,70.4632,-68.4822,America/Iqaluit
La Macaza,Quebec,46.3667,-74.7667,America/Montreal
Souris,Prince Edward Island,46.3554,-62.2542,America/Halifax
Kindersley No. 290,Saskatchewan,51.4894,-109.0979,America/Regina
Laird,Ontario,46.3833,-84.0667,America/Detroit
Falher,Alberta,55.7372,-117.2014,America/Edmonton
Saint-Vallier,Quebec,46.8833,-70.8167,America/Montreal
Coleraine,Quebec,45.9649,-71.3734,America/Montreal
Melita,Manitoba,49.2681,-100.9958,America/Winnipeg
Noonan,New Brunswick,45.9544,-66.4868,America/Moncton
Sainte-Petronille,Quebec,46.85,-71.1333,America/Montreal
Delisle,Saskatchewan,51.9254,-107.1333,America/Regina
Bristol,Quebec,45.5333,-76.4667,America/Montreal
Mahone Bay,Nova Scotia,44.4489,-64.3819,America/Halifax
Waldheim,Saskatchewan,52.65,-106.6167,America/Regina
Saint-Sylvestre,Quebec,46.3667,-71.2333,America/Montreal
Taloyoak,Nunavut,69.5554,-93.4972,America/Cambridge_Bay
Onoway,Alberta,53.7011,-114.1981,America/Edmonton
Saint-Stanislas,Quebec,46.6167,-72.4,America/Montreal
Malpeque,Prince Edward Island,46.5,-63.6667,America/Halifax
Plantagenet,Ontario,45.5321,-74.9956,America/Toronto
Longue-Rive,Quebec,48.55,-69.25,America/Montreal
Argyle,Manitoba,49.3697,-99.1506,America/Winnipeg
Davidson,Saskatchewan,51.2667,-105.9667,America/Regina
Plaster Rock,New Brunswick,46.8833,-67.3833,America/Moncton
Wilmot,New Brunswick,46.3463,-67.7099,America/Moncton
Valemount,British Columbia,52.8284,-119.2659,America/Vancouver
Saint-Leonard-de-Portneuf,Quebec,46.8833,-71.9167,America/Montreal
Alberta Beach,Alberta,53.6767,-114.35,America/Edmonton
Saint-Narcisse-de-Rimouski,Quebec,48.28,-68.43,America/Montreal
Saint-Bonaventure,Quebec,45.9667,-72.6833,America/Montreal
Longlaketon No. 219,Saskatchewan,50.9386,-104.6913,America/Regina
Papineau-Cameron,Ontario,46.3,-78.7333,America/Toronto
Assiginack,Ontario,45.7333,-81.8,America/Toronto
Brebeuf,Quebec,46.0667,-74.6667,America/Montreal
Hudson Hope,British Columbia,56.0316,-121.9057,America/Dawson_Creek
Prince,Ontario,46.5333,-84.5,America/Toronto
Baie-du-Febvre,Quebec,46.13,-72.72,America/Montreal
Durham-Sud,Quebec,45.6667,-72.3333,America/Montreal
Melbourne,Quebec,45.58,-72.17,America/Montreal
Nipawin No. 487,Saskatchewan,53.2881,-104.0544,America/Regina
Duck Lake No. 463,Saskatchewan,52.9596,-106.2089,America/Regina
Oyen,Alberta,51.3522,-110.4739,America/Edmonton
